AgentID,AgentFullName,AgencyName,PhoneNumber,Email
310134957,Glynda Rubinsohn,CineScope Talent Group,216-528-6386,grubinsohn0@jigsy.com
350289530,Ruth Bote,StarTalent Agency,302-216-2408,rbote1@devhub.com
340152119,Paulo Windaybank,Apex Media Group,767-225-5514,pwindaybank2@macromedia.com
206661084,Nobie Thaine,Spotlight Representatives,751-620-0827,nthaine3@lycos.com
211021760,Nola Standbrooke,FrameOne Agency,940-170-3798,nstandbrooke4@dagondesign.com
367878380,Fallon Coulthard,Apex Media Group,227-925-8813,fcoulthard5@printfriendly.com
246747251,Susann Abrahamsen,Spotlight Representatives,915-797-9590,sabrahamsen6@biglobe.ne.jp
388252876,Lukas Petrollo,Spotlight Representatives,959-155-0379,lpetrollo7@geocities.com
254580302,Derrick McKelvie,PrimeWave Entertainment,853-811-9724,dmckelvie8@diigo.com
216633929,Gretal Paddington,Firefly Creatives,788-804-1783,gpaddington9@hatena.ne.jp
332349167,Garrard Yankeev,TrueNorth Agency,588-564-9885,gyankeeva@scribd.com
208734704,Randolf Jacomb,Spotlight Representatives,728-349-1572,rjacombb@bravesites.com
243721086,Moria Ends,Firefly Creatives,146-249-8963,mendsc@mozilla.com
334990696,Nester Meldon,Bright Horizon Management,267-111-0979,nmeldond@jalbum.net
262998197,Ephraim Mixon,FrameOne Agency,507-750-7983,emixone@jiathis.com
302420604,Ly Huggen,Visionary Creations,374-928-8773,lhuggenf@gmpg.org
201219814,Hiram O'' Mullan,DreamLine Talent,402-475-4486,hog@goo.gl
274458482,Fredia Davidovsky,Horizon Artists Collective,588-439-0679,fdavidovskyh@naver.com
296223227,Denise McParlin,FrameOne Agency,825-771-2803,dmcparlini@mashable.com
290809417,Briana Choules,BoldStage Agency,311-174-2267,bchoulesj@bizjournals.com
267925685,Richardo Hugland,Visionary Creations,111-511-9197,rhuglandk@salon.com
300484302,Carrissa Lougheed,Nova Artists,243-197-5974,clougheedl@tiny.cc
327464097,Natal McCrann,Infinity Artists,657-292-8108,nmccrannm@thetimes.co.uk
291921376,Daffie Ince,TrueNorth Agency,837-361-5389,dincen@auda.org.au
296448350,Diane-marie Shotboult,CineScope Talent Group,936-123-5661,dshotboulto@dedecms.com
350748065,Dominique Basketter,StarTalent Agency,225-766-8312,dbasketterp@ucoz.com
346928907,Lincoln Lamperd,Firefly Creatives,319-361-8251,llamperdq@narod.ru
385637499,Katinka D''Aeth,Bright Horizon Management,401-686-5843,kdaethr@buzzfeed.com
299727357,Lorry Mousley,Infinity Artists,945-146-4251,lmousleys@nymag.com
378255929,Flora Pinckard,CineScope Talent Group,597-788-2402,fpinckardt@example.com
232416051,Jerry Segge,EchoTalent Agency,311-912-2029,jseggeu@icq.com
344961690,Rose Hanhardt,DreamLine Talent,417-556-1316,rhanhardtv@flavors.me
351907382,Sydney Jeandet,TalentForge Group,334-422-1446,sjeandetw@moonfruit.com
333492257,Darlleen Caddy,Nova Artists,196-899-9685,dcaddyx@comcast.net
292297758,Sigfried Timmes,Nova Artists,736-123-2147,stimmesy@mozilla.com
382576832,Paquito Hentze,Apex Media Group,359-185-3293,phentzez@ehow.com
354358974,Lolita Starbucke,TalentForge Group,328-336-5095,lstarbucke10@java.com
250810955,Galven Seal,Visionary Creations,946-538-8421,gseal11@icio.us
224579614,Mable Hendrix,Spotlight Representatives,120-525-6936,mhendrix12@chicagotribune.com
241493133,Earl Bunting,SilverStage Management,179-268-7559,ebunting13@umich.edu
377494680,Othilie Lesly,Visionary Creations,290-807-5875,olesly14@thetimes.co.uk
224612127,Way Montgomery,FrameOne Agency,246-124-3761,wmontgomery15@canalblog.com
325537487,Carr Snoddy,Infinity Artists,533-353-2468,csnoddy16@guardian.co.uk
349701757,Benny De Giorgi,Visionary Creations,223-773-6833,bde17@biblegateway.com
348111657,Sheeree Mulles,Apex Media Group,281-130-0299,smulles18@surveymonkey.com
367934616,Isis Norwood,Lumina Productions,428-444-6195,inorwood19@cargocollective.com
251034684,Indira Rehn,Lumina Productions,983-823-5348,irehn1a@reverbnation.com
285784093,Bancroft Cottrell,Nova Artists,267-591-0894,bcottrell1b@shutterfly.com
295653005,Jeno Carnihan,Visionary Creations,507-351-6579,jcarnihan1c@ftc.gov
277136879,Jolee Cancutt,CineScope Talent Group,451-480-6220,jcancutt1d@smh.com.au
365430101,Meade Manoelli,Urban Lens Talent,125-664-7548,mmanoelli1e@netscape.com
353271793,Ellie Trenouth,Spotlight Representatives,370-777-2147,etrenouth1f@weather.com
272170787,Silvie Losseljong,CineScope Talent Group,733-466-6760,slosseljong1g@salon.com
322880746,Charyl Bilsborrow,FrameOne Agency,907-519-8254,cbilsborrow1h@g.co
324711445,Valene Colleymore,Nova Artists,767-480-5406,vcolleymore1i@arizona.edu
367012688,Lucius MacCarrick,Infinity Artists,270-475-7182,lmaccarrick1j@intel.com
241184752,Bibbye Godmar,StarTalent Agency,739-530-8204,bgodmar1k@amazon.de
285349860,Marthena Craw,Urban Lens Talent,636-893-8968,mcraw1l@mediafire.com
246854974,Feliks Hartill,SilverStage Management,923-237-4664,fhartill1m@nsw.gov.au
360137162,Natasha Gricewood,Lumina Productions,344-286-9283,ngricewood1n@cbslocal.com
325809772,Harris Skamell,SilverStage Management,510-486-9184,hskamell1o@xrea.com
371457999,Tim Heeley,Lumina Productions,771-369-7320,theeley1p@archive.org
251426543,Antonina Lambert,BoldStage Agency,389-900-0465,alambert1q@state.gov
238530563,Eilis Ruselin,Spotlight Representatives,302-737-4077,eruselin1r@nature.com
270095015,Curtice Breckell,Nova Artists,521-845-0226,cbreckell1s@networkadvertising.org
394429318,Valry Freire,SilverStage Management,285-976-1887,vfreire1t@moonfruit.com
373681202,Jerrilee Froome,Firefly Creatives,812-139-3836,jfroome1u@yale.edu
266747398,Lia Labet,Infinity Artists,230-376-7666,llabet1v@rakuten.co.jp
393480724,Eolanda Pollock,EchoTalent Agency,561-441-4517,epollock1w@w3.org
243466655,Rodrigo Copcott,SilverStage Management,535-848-1650,rcopcott1x@yelp.com
204456885,Lonny Bryden,DreamLine Talent,879-755-6547,lbryden1y@last.fm
264023069,Corbin Birch,BoldStage Agency,942-766-8335,cbirch1z@sciencedaily.com
327097472,Hermione Tuite,CineScope Talent Group,835-475-9123,htuite20@tiny.cc
242484036,Vasilis Ruffey,DreamLine Talent,544-915-6959,vruffey21@irs.gov
257071313,Haskel Bennie,CineScope Talent Group,664-475-6285,hbennie22@soundcloud.com
308964712,Merralee Stockell,Horizon Artists Collective,605-301-2197,mstockell23@jimdo.com
233930500,Rosalyn Eagles,EchoTalent Agency,916-281-7946,reagles24@nifty.com
225960727,Grantham Francesch,FrameOne Agency,965-911-5571,gfrancesch25@tuttocitta.it
319979819,Darcie Wilcocke,TrueNorth Agency,214-266-6176,dwilcocke26@google.com.au
359601362,Kay Ranklin,FrameOne Agency,292-392-4957,kranklin27@google.com.hk
356387799,Saul Pavinese,Apex Media Group,792-601-9869,spavinese28@people.com.cn
306114251,Mollie Hardman,Firefly Creatives,481-507-0537,mhardman29@meetup.com
353956085,Kara Greed,Apex Media Group,296-420-4893,kgreed2a@dion.ne.jp
213885334,Olav Tuckwood,PrimeWave Entertainment,614-411-3814,otuckwood2b@merriam-webster.com
282407180,Anabel Bumpas,BoldStage Agency,262-832-8124,abumpas2c@example.com
255402344,Leeland Oakenfield,EchoTalent Agency,463-639-0164,loakenfield2d@disqus.com
245690795,Perice Grunwall,Bright Horizon Management,612-985-9701,pgrunwall2e@google.com.hk
395711833,Sophia Greenacre,CineScope Talent Group,752-539-8193,sgreenacre2f@last.fm
356587982,Corbet Dawtrey,TalentForge Group,306-444-0136,cdawtrey2g@bbc.co.uk
246090535,Patti Anger,TrueNorth Agency,275-797-1871,panger2h@boston.com
343865411,Maribeth Batty,FrameOne Agency,216-102-6359,mbatty2i@istockphoto.com
221260688,Conny Andreasen,Nova Artists,876-421-0019,candreasen2j@businessinsider.com
202930875,Cletus Pithcock,Lumina Productions,600-129-2047,cpithcock2k@vistaprint.com
330058944,Raye Cockson,BoldStage Agency,846-736-7107,rcockson2l@yolasite.com
395480270,Hynda Tschierasche,CineScope Talent Group,612-245-9536,htschierasche2m@psu.edu
334328043,Sibbie Snazle,PrimeWave Entertainment,567-650-3142,ssnazle2n@storify.com
286274779,Haze Thickett,CineScope Talent Group,407-709-2544,hthickett2o@163.com
379277262,Malvina Faloon,Firefly Creatives,658-545-3216,mfaloon2p@parallels.com
397304863,Shandy Lemmen,Bright Horizon Management,927-901-6186,slemmen2q@mayoclinic.com
254271151,Chan Barniss,EchoTalent Agency,585-305-8273,cbarniss2r@cdbaby.com
391122718,Corena Duligall,Lumina Productions,928-196-0546,cduligall2s@columbia.edu
221349363,Fayth Pfaffel,StarTalent Agency,256-213-8690,fpfaffel2t@unblog.fr
362515833,Frieda Docksey,Urban Lens Talent,891-707-4801,fdocksey2u@columbia.edu
384645307,Millard Glastonbury,EchoTalent Agency,899-734-2137,mglastonbury2v@tmall.com
281416404,Caroline Wallbutton,Infinity Artists,106-556-5954,cwallbutton2w@businessweek.com
293775283,Evyn Raggles,StarTalent Agency,968-780-7273,eraggles2x@uiuc.edu
388065715,Trumaine Stapleton,PrimeWave Entertainment,766-709-9137,tstapleton2y@state.gov
308014761,Tabbie Lonie,PrimeWave Entertainment,938-900-3318,tlonie2z@bravesites.com
269424806,Benedicto Ruperti,Firefly Creatives,667-737-4730,bruperti30@comcast.net
296889847,Cirilo Delacourt,TalentForge Group,336-552-5485,cdelacourt31@yale.edu
244824002,Korie Eves,Apex Media Group,487-492-6741,keves32@sakura.ne.jp
399017422,Rossy Elderidge,FrameOne Agency,361-242-3453,relderidge33@technorati.com
239142605,Winny Lugard,DreamLine Talent,258-752-8451,wlugard34@edublogs.org
258205421,Hedy McKevany,DreamLine Talent,983-141-9588,hmckevany35@stumbleupon.com
385630950,Shane Obeney,CineScope Talent Group,358-955-1436,sobeney36@nytimes.com
386750626,Joey Hartly,DreamLine Talent,760-617-1488,jhartly37@psu.edu
303216815,Nilson Mannix,StarTalent Agency,726-509-5773,nmannix38@webeden.co.uk
284623445,Mycah Gavrielli,Spotlight Representatives,884-521-0204,mgavrielli39@vinaora.com
337974220,Celinka Pierri,Spotlight Representatives,397-666-7629,cpierri3a@nyu.edu
254566597,Carrol Brignall,PrimeWave Entertainment,917-619-7358,cbrignall3b@princeton.edu
239036980,Clyde Aizik,BoldStage Agency,926-667-6457,caizik3c@tmall.com
399135136,Marielle Dilleway,Nova Artists,833-864-2010,mdilleway3d@pagesperso-orange.fr
210688627,Danica Ducker,Apex Media Group,159-968-6389,dducker3e@miitbeian.gov.cn
365978016,Carl McIan,Urban Lens Talent,357-957-6148,cmcian3f@wix.com
273527143,Caty Marciek,TrueNorth Agency,865-526-2282,cmarciek3g@who.int
202815053,Uriah Toppas,Lumina Productions,504-828-1773,utoppas3h@technorati.com
256602502,Rockwell Espadero,CineScope Talent Group,504-528-0946,respadero3i@example.com
321513951,Anna-diane MacGuffog,FrameOne Agency,471-479-1964,amacguffog3j@histats.com
219945296,Fredric Swancock,FrameOne Agency,821-609-1580,fswancock3k@wired.com
306807649,Ingmar Mordue,Urban Lens Talent,540-768-8147,imordue3l@wordpress.com
224759203,Doralia Toynbee,Urban Lens Talent,415-336-6641,dtoynbee3m@mlb.com
382883028,Lazare Caroll,Bright Horizon Management,480-652-6602,lcaroll3n@squidoo.com
379609474,Carrie Geill,StarTalent Agency,470-641-1657,cgeill3o@google.com
347054814,Andra Straker,BoldStage Agency,293-265-5827,astraker3p@go.com
304619606,Verney Soro,FrameOne Agency,440-899-4001,vsoro3q@photobucket.com
272571986,Antoine Simonnin,FrameOne Agency,287-491-5529,asimonnin3r@g.co
339843251,Langsdon Issac,Infinity Artists,233-914-7307,lissac3s@discovery.com
324217925,Joletta Krol,BoldStage Agency,517-594-9132,jkrol3t@i2i.jp
204935579,Rollins Burdas,FrameOne Agency,625-782-1649,rburdas3u@washington.edu
361830580,Ludovico Limbrick,DreamLine Talent,483-235-7490,llimbrick3v@alibaba.com
357902146,Jenilee Spanton,BoldStage Agency,174-150-7670,jspanton3w@yahoo.com
213616406,Hermon Hawes,Apex Media Group,219-950-4327,hhawes3x@cpanel.net
200690871,Fin Honatsch,TrueNorth Agency,138-574-3176,fhonatsch3y@typepad.com
363610977,Catina Maddison,CineScope Talent Group,888-509-2528,cmaddison3z@fda.gov
386854033,Alma Ebbing,Urban Lens Talent,169-337-8694,aebbing40@sfgate.com
311943015,Marita Camoys,DreamLine Talent,923-811-5395,mcamoys41@tiny.cc
229367564,Wolfgang La Croce,Urban Lens Talent,183-762-4230,wla42@army.mil
260210187,Ruben Willingam,StarTalent Agency,499-515-3440,rwillingam43@mozilla.org
283704544,Colby Purviss,StarTalent Agency,461-527-2086,cpurviss44@infoseek.co.jp
373136822,Marten Dyett,Urban Lens Talent,516-178-2812,mdyett45@omniture.com
279002511,Delmor Middell,SilverStage Management,812-586-2403,dmiddell46@princeton.edu
371424409,Danya Van Hove,FrameOne Agency,952-822-9214,dvan47@deviantart.com
376149729,Wally Jancso,TalentForge Group,720-906-0468,wjancso48@gravatar.com
275055603,Archibaldo Androletti,Nova Artists,289-348-3369,aandroletti49@wisc.edu
357795825,Beulah Latchmore,StarTalent Agency,254-211-5042,blatchmore4a@163.com
359769441,Terrijo Rosengarten,Lumina Productions,914-254-5276,trosengarten4b@bravesites.com
203443086,Saw Stickney,EchoTalent Agency,429-346-2851,sstickney4c@sun.com
264435721,Janessa Stile,SilverStage Management,546-789-3687,jstile4d@list-manage.com
377776452,Buddy Farron,Infinity Artists,119-477-3789,bfarron4e@hugedomains.com
316020906,Colene McLenahan,SilverStage Management,393-348-7125,cmclenahan4f@dot.gov
319662043,Jerrine Sansam,Lumina Productions,721-480-7339,jsansam4g@google.es
392492952,Boothe Olivera,Bright Horizon Management,561-658-5869,bolivera4h@go.com
211204307,Norah Tancock,TalentForge Group,602-423-5063,ntancock4i@who.int
244102390,Catlee Bratley,Urban Lens Talent,756-680-9033,cbratley4j@about.me
214124025,Astra Anyon,Spotlight Representatives,356-204-3893,aanyon4k@slashdot.org
369747544,Dorine Trimmell,SilverStage Management,266-147-8436,dtrimmell4l@rakuten.co.jp
309635685,Olympie Kirsche,SilverStage Management,297-627-0428,okirsche4m@ibm.com
201644547,Dorena Longshaw,PrimeWave Entertainment,786-976-1991,dlongshaw4n@arizona.edu
246274678,Trever Kacheller,Spotlight Representatives,660-879-1128,tkacheller4o@reddit.com
340667509,Sawyer Decker,FrameOne Agency,585-385-1417,sdecker4p@sun.com
226486430,Theo Gilloran,FrameOne Agency,250-165-7659,tgilloran4q@mtv.com
313097125,Belita Ledbury,TalentForge Group,584-959-5347,bledbury4r@cisco.com
389252644,Sydney Pitway,Firefly Creatives,425-569-6978,spitway4s@fc2.com
313522995,Zitella Stranieri,Infinity Artists,449-733-1667,zstranieri4t@guardian.co.uk
253550220,Anica Rymell,Urban Lens Talent,658-504-9402,arymell4u@printfriendly.com
271306857,Afton Side,Visionary Creations,669-715-8546,aside4v@howstuffworks.com
345033288,Aeriel Melhuish,TalentForge Group,749-489-1514,amelhuish4w@com.com
365990383,Liva Pitcaithly,TalentForge Group,840-848-4742,lpitcaithly4x@reference.com
392007426,Woodman Anthonies,Firefly Creatives,768-762-3428,wanthonies4y@stanford.edu
360375569,Carce O''Scollee,Nova Artists,128-627-3617,coscollee4z@ifeng.com
311190054,Gert Antoniottii,Apex Media Group,845-580-5684,gantoniottii50@ameblo.jp
296775162,Jeremy Fussen,PrimeWave Entertainment,142-398-9668,jfussen51@ebay.com
252923957,Garvey Lampett,Firefly Creatives,377-218-6138,glampett52@toplist.cz
366053268,Leigha Gleader,Firefly Creatives,923-779-7172,lgleader53@rambler.ru
207170843,Raymond Dods,Urban Lens Talent,197-144-5709,rdods54@sourceforge.net
325766029,Kendal Grebbin,CineScope Talent Group,210-841-2315,kgrebbin55@hp.com
395071635,Odette Joul,BoldStage Agency,170-228-9980,ojoul56@sciencedaily.com
301175239,Raimondo Dufton,Apex Media Group,765-312-3111,rdufton57@cdbaby.com
243067402,Alexia Edgcumbe,Urban Lens Talent,501-426-9633,aedgcumbe58@sina.com.cn
338117142,Yasmin Moneypenny,Apex Media Group,718-977-6385,ymoneypenny59@sfgate.com
277589159,Lisle Sandwith,PrimeWave Entertainment,656-536-0032,lsandwith5a@blogtalkradio.com
347103482,Nanice Shafe,Urban Lens Talent,332-115-6941,nshafe5b@bizjournals.com
324138391,Derk Duddle,Apex Media Group,840-371-2390,dduddle5c@omniture.com
369184890,Justino Fernez,PrimeWave Entertainment,742-489-2408,jfernez5d@123-reg.co.uk
248742215,Saidee Pettisall,Spotlight Representatives,154-714-2958,spettisall5e@1und1.de
256300040,Fanni Clawson,Urban Lens Talent,104-320-4029,fclawson5f@hud.gov
358813746,Rosemarie Stirley,Horizon Artists Collective,274-800-4491,rstirley5g@mapquest.com
235931239,Haywood Lamswood,BoldStage Agency,703-627-9383,hlamswood5h@youtu.be
257332395,Janith Filler,Lumina Productions,757-845-7160,jfiller5i@free.fr
300450085,Abbot Tiffany,Firefly Creatives,926-796-7655,atiffany5j@digg.com
327394917,Stanislas Cauthra,Bright Horizon Management,949-604-9212,scauthra5k@nsw.gov.au
259426698,Maryellen Swinyard,Spotlight Representatives,830-799-2575,mswinyard5l@ihg.com
371132270,Gordy Huzzey,BoldStage Agency,381-263-9066,ghuzzey5m@theatlantic.com
332464849,Janean Yitzhak,TalentForge Group,349-111-8126,jyitzhak5n@guardian.co.uk
274889509,Dyanna Paslow,DreamLine Talent,850-170-1616,dpaslow5o@dyndns.org
302196707,Alicea Dorrins,CineScope Talent Group,605-846-1224,adorrins5p@deviantart.com
294535302,Clayton Chiswell,DreamLine Talent,770-529-4859,cchiswell5q@gnu.org
210802677,Bordie McMichan,Firefly Creatives,436-393-5148,bmcmichan5r@un.org
360142207,Reube Rhodus,Firefly Creatives,427-919-6427,rrhodus5s@storify.com
270242241,Aylmer Harbinson,FrameOne Agency,612-933-8358,aharbinson5t@google.cn
382279744,Brittni Heeley,Apex Media Group,892-218-8864,bheeley5u@economist.com
254063288,Alidia Roxburgh,Urban Lens Talent,378-772-7795,aroxburgh5v@cbc.ca
276626038,Elliott Boddy,StarTalent Agency,176-106-5797,eboddy5w@miibeian.gov.cn
212849772,Wilmette Pesselt,Horizon Artists Collective,257-840-8780,wpesselt5x@wordpress.com
361276096,Kendal Crosen,Urban Lens Talent,297-729-0695,kcrosen5y@noaa.gov
220695067,Koressa Darlison,DreamLine Talent,760-644-2475,kdarlison5z@ucla.edu
397507118,Algernon Jellett,DreamLine Talent,883-818-5927,ajellett60@ustream.tv
302878284,Harriot Franzoli,Infinity Artists,783-723-4227,hfranzoli61@hubpages.com
242058983,Sabina Nissle,Bright Horizon Management,821-740-4147,snissle62@lycos.com
371793738,Dennie Cousans,Apex Media Group,840-104-2784,dcousans63@businessinsider.com
361938088,Brocky O''Rodane,PrimeWave Entertainment,655-868-8266,borodane64@sciencedirect.com
223172685,Gilli Meikle,Apex Media Group,705-604-0602,gmeikle65@elpais.com
216124572,Kaspar Dreng,Apex Media Group,169-120-2725,kdreng66@blogspot.com
222484597,Egor Tidcomb,TalentForge Group,664-988-9402,etidcomb67@spotify.com
226744841,Linus Farrier,Visionary Creations,233-379-0422,lfarrier68@eventbrite.com
328923208,Hercules Courtin,CineScope Talent Group,560-289-2172,hcourtin69@symantec.com
392710578,Kerri Charge,Firefly Creatives,814-104-1794,kcharge6a@tamu.edu
342694395,Tuck McChesney,Lumina Productions,994-521-7798,tmcchesney6b@ow.ly
203867372,Jorie Klaas,PrimeWave Entertainment,486-202-2039,jklaas6c@shinystat.com
237909437,Ax Calcraft,Nova Artists,989-887-6882,acalcraft6d@wikia.com
254044624,Heall Simmins,Urban Lens Talent,120-461-2670,hsimmins6e@sohu.com
269620707,Sybil Barnish,Firefly Creatives,421-276-5678,sbarnish6f@epa.gov
226895909,Clint Dyke,CineScope Talent Group,320-801-4352,cdyke6g@163.com
264858813,Gerald Lambswood,Bright Horizon Management,814-443-1825,glambswood6h@wikipedia.org
332492906,Charmain Doumenc,PrimeWave Entertainment,738-814-5449,cdoumenc6i@netlog.com
264577335,Nikolas Boorne,TalentForge Group,423-298-9451,nboorne6j@weebly.com
398334223,Janos Tilsley,Spotlight Representatives,677-429-9230,jtilsley6k@telegraph.co.uk
344685086,Theodora Uppett,TrueNorth Agency,699-953-4653,tuppett6l@wikispaces.com
234683567,Ferdie Peirpoint,Nova Artists,760-227-5831,fpeirpoint6m@state.gov
240670042,Koralle Dunnion,Urban Lens Talent,729-913-8939,kdunnion6n@reference.com
218755135,Dermot Jahan,BoldStage Agency,448-240-9355,djahan6o@cnn.com
219613199,Agretha Kearney,Infinity Artists,637-290-9343,akearney6p@marketwatch.com
261446376,Tucker D''Adamo,Apex Media Group,616-924-6783,tdadamo6q@statcounter.com
249565921,Joyce Dignon,Horizon Artists Collective,354-942-2064,jdignon6r@woothemes.com
219336688,Desiree McIlwreath,Nova Artists,274-120-0748,dmcilwreath6s@ycombinator.com
358191466,Minny Borthe,StarTalent Agency,918-901-1775,mborthe6t@comcast.net
313975253,Thor Defont,Apex Media Group,618-331-6885,tdefont6u@youtube.com
327869122,Dacey Woolsey,Apex Media Group,597-425-3111,dwoolsey6v@theguardian.com
390478400,Bunnie Buckenham,Lumina Productions,745-373-1672,bbuckenham6w@ibm.com
204033204,Georges Ronca,TrueNorth Agency,808-312-9703,gronca6x@pagesperso-orange.fr
332807583,Jacques Wallbank,SilverStage Management,966-704-4995,jwallbank6y@mashable.com
243714775,Brigham Angier,StarTalent Agency,279-267-4705,bangier6z@jugem.jp
267041689,Niel Rossey,DreamLine Talent,328-577-5051,nrossey70@google.pl
339014487,Raul Haruard,TalentForge Group,871-799-8508,rharuard71@marketwatch.com
387656821,Mara Humphris,DreamLine Talent,224-385-0335,mhumphris72@shinystat.com
339369046,Abbie Mcwhinnie,TalentForge Group,822-306-6300,amcwhinnie73@narod.ru
344102682,Kelsey Brownsworth,DreamLine Talent,547-451-1368,kbrownsworth74@themeforest.net
211840413,Emmey Tumioto,Spotlight Representatives,774-106-8069,etumioto75@about.com
296702676,Valma Behne,CineScope Talent Group,285-817-2898,vbehne76@amazonaws.com
272198867,Corabella Belvard,Apex Media Group,758-941-3944,cbelvard77@webmd.com
396093418,Birdie Thurbon,TalentForge Group,251-283-6532,bthurbon78@issuu.com
358423669,Aguistin Filyukov,Infinity Artists,659-130-6324,afilyukov79@cpanel.net
335994998,Tildie Kauschke,CineScope Talent Group,435-771-3402,tkauschke7a@accuweather.com
232097006,Geoffry Jasik,Infinity Artists,127-712-4620,gjasik7b@foxnews.com
381448192,Augusta Artingstall,DreamLine Talent,187-282-2630,aartingstall7c@apache.org
351165119,Tomaso Bertelet,Lumina Productions,482-335-2693,tbertelet7d@csmonitor.com
378830059,Pennie Swindon,EchoTalent Agency,528-499-6191,pswindon7e@yolasite.com
310105710,Elsy Chastaing,TrueNorth Agency,245-313-2365,echastaing7f@dmoz.org
301151080,Alberta Margeram,BoldStage Agency,145-296-8591,amargeram7g@pen.io
204435199,Eleanore Derell,Infinity Artists,754-395-9121,ederell7h@amazon.co.jp
338644393,Cullen Dalziell,BoldStage Agency,623-771-5242,cdalziell7i@goodreads.com
330300993,Edyth Chinge de Hals,Nova Artists,122-896-5097,echinge7j@time.com
356073689,Allina Steadman,FrameOne Agency,508-203-1165,asteadman7k@liveinternet.ru
377209504,Antonetta MacCroary,TalentForge Group,301-102-0865,amaccroary7l@yale.edu
205038137,Tod Beames,Visionary Creations,182-616-4911,tbeames7m@people.com.cn
354173991,Leda Jakolevitch,Horizon Artists Collective,323-866-7245,ljakolevitch7n@lulu.com
380500932,Aggi MacWhirter,Apex Media Group,196-850-6090,amacwhirter7o@ucoz.com
275863908,Nessy Huegett,Bright Horizon Management,999-471-9986,nhuegett7p@ucsd.edu
342631123,Gamaliel Tow,Apex Media Group,844-716-8794,gtow7q@sun.com
292020849,Conroy Vasovic,Horizon Artists Collective,775-836-2184,cvasovic7r@slate.com
301169424,Johannah Talbot,Nova Artists,352-475-5005,jtalbot7s@taobao.com
244246047,Elisabeth Maurice,Horizon Artists Collective,626-784-8996,emaurice7t@latimes.com
353990779,Mathian Di Claudio,CineScope Talent Group,495-449-3820,mdi7u@disqus.com
222418132,Margeaux Franzel,DreamLine Talent,963-731-1301,mfranzel7v@xrea.com
382010209,Kenon Hulls,Firefly Creatives,131-264-8587,khulls7w@tiny.cc
288631950,Frans Mettericke,BoldStage Agency,691-478-8229,fmettericke7x@umich.edu
208746839,Freddy Andrasch,Urban Lens Talent,803-460-3689,fandrasch7y@umich.edu
320670683,Elisabetta Ogilby,Visionary Creations,350-449-3534,eogilby7z@freewebs.com
202982385,Piggy Adlam,SilverStage Management,245-266-3075,padlam80@imdb.com
309710707,Arlin Frise,PrimeWave Entertainment,108-534-3210,afrise81@livejournal.com
318892514,Selene Auty,Firefly Creatives,242-827-8655,sauty82@washington.edu
270920170,Bron Bertin,Lumina Productions,928-290-6494,bbertin83@slashdot.org
364828613,Dalia Gaspard,StarTalent Agency,400-888-1866,dgaspard84@unesco.org
200754325,Salaidh Carrigan,FrameOne Agency,417-946-9889,scarrigan85@goodreads.com
211692796,Talbert Felgate,TalentForge Group,245-932-9962,tfelgate86@about.me
392942839,Sherri Caurah,EchoTalent Agency,699-203-6187,scaurah87@imageshack.us
227913076,Kori Brach,SilverStage Management,466-453-7472,kbrach88@hibu.com
379951243,Amii Crawshay,TrueNorth Agency,105-781-9353,acrawshay89@rediff.com
266775797,Ekaterina Ewence,Nova Artists,153-150-6172,eewence8a@nyu.edu
311956994,Babbette Rothschild,StarTalent Agency,470-398-4619,brothschild8b@adobe.com
305822152,Darby Sabater,DreamLine Talent,636-885-0683,dsabater8c@umn.edu
209695508,Olivie Dearnaly,DreamLine Talent,580-151-3593,odearnaly8d@marketwatch.com
274682464,Annamarie Ulyat,Urban Lens Talent,275-753-0369,aulyat8e@sphinn.com
318340449,Bartholemy Petrishchev,Spotlight Representatives,671-354-7478,bpetrishchev8f@youku.com
311050072,Cort MacEllen,Infinity Artists,672-424-9816,cmacellen8g@yahoo.co.jp
296066075,Briant Legier,Apex Media Group,622-704-7520,blegier8h@de.vu
339448857,Grete Hold,Nova Artists,141-547-2745,ghold8i@tripod.com
325761772,Berenice Harhoff,Bright Horizon Management,381-916-3181,bharhoff8j@joomla.org
280690166,Devinne Stoltz,Visionary Creations,717-656-9351,dstoltz8k@youtu.be
309174032,Clerkclaude Waliszek,DreamLine Talent,219-145-7028,cwaliszek8l@gov.uk
398704377,Bert Moorman,Firefly Creatives,176-965-5529,bmoorman8m@craigslist.org
205963503,Scott Learoyd,Firefly Creatives,982-776-5740,slearoyd8n@ca.gov
288716448,Oralee Lymbourne,Firefly Creatives,799-190-0550,olymbourne8o@archive.org
246977429,Steve Lipprose,CineScope Talent Group,228-661-6100,slipprose8p@noaa.gov
226104398,Georgi Housam,Bright Horizon Management,262-235-7105,ghousam8q@pen.io
374113637,Angel Lebbon,Infinity Artists,885-421-9204,alebbon8r@amazon.co.uk
356832868,Lavinie Cheine,DreamLine Talent,733-674-4031,lcheine8s@imgur.com
349035512,Norry Marages,SilverStage Management,527-826-7201,nmarages8t@gravatar.com
382191211,Emili Haward,PrimeWave Entertainment,731-893-5321,ehaward8u@deviantart.com
254137597,Ruddie Bothram,PrimeWave Entertainment,223-131-7055,rbothram8v@google.com.br
315768470,Rudolfo Glasspool,FrameOne Agency,858-313-5106,rglasspool8w@phoca.cz
295334466,Rena Germann,Horizon Artists Collective,109-492-4656,rgermann8x@ca.gov
388653389,Koren Osbourn,CineScope Talent Group,114-237-3758,kosbourn8y@naver.com
272040058,Aloysius Thrush,TalentForge Group,289-979-9611,athrush8z@naver.com
209760940,Silvan Hartford,Nova Artists,717-255-2389,shartford90@spotify.com
374825404,Oates Gifford,DreamLine Talent,208-954-6063,ogifford91@netlog.com
326056835,Killian Eastham,PrimeWave Entertainment,293-787-1665,keastham92@simplemachines.org
274884971,Randolf Geaney,StarTalent Agency,948-399-4089,rgeaney93@wufoo.com
283946006,Skylar McKinnon,FrameOne Agency,689-877-6701,smckinnon94@webs.com
339780691,Redd Winkless,EchoTalent Agency,251-611-3621,rwinkless95@deliciousdays.com
241852953,Lacy Ovett,DreamLine Talent,309-910-0270,lovett96@ning.com
374546518,Veradis Bransom,BoldStage Agency,494-146-7850,vbransom97@ucla.edu
206187336,Helen Venditto,Urban Lens Talent,854-814-4619,hvenditto98@odnoklassniki.ru
231117923,Lou Reast,Horizon Artists Collective,342-997-8232,lreast99@vimeo.com
209156470,Corliss Egdell,CineScope Talent Group,266-447-2396,cegdell9a@latimes.com
261187618,Erhart Ertelt,Bright Horizon Management,117-544-0043,eertelt9b@adobe.com
321068621,Corabelle Thorburn,Horizon Artists Collective,247-377-6473,cthorburn9c@nymag.com
285736896,Clarinda Elson,Spotlight Representatives,322-361-2712,celson9d@shinystat.com
397461248,Portie Levinge,Bright Horizon Management,622-862-2393,plevinge9e@quantcast.com
294577251,Hailee Screeton,FrameOne Agency,115-896-1277,hscreeton9f@printfriendly.com
334268928,Araldo Speed,TalentForge Group,119-518-4469,aspeed9g@scribd.com
274609279,Wilfrid Wincer,SilverStage Management,621-830-8954,wwincer9h@bbc.co.uk
266480545,Romain Littlekit,StarTalent Agency,245-524-5705,rlittlekit9i@w3.org
367367526,Aleksandr Caistor,TalentForge Group,401-145-7700,acaistor9j@delicious.com
347424194,Lissi Halbeard,Lumina Productions,537-913-8036,lhalbeard9k@usda.gov
272116056,Jaquelin Caudrelier,Bright Horizon Management,833-824-6909,jcaudrelier9l@foxnews.com
293080274,Colly Desborough,PrimeWave Entertainment,653-236-8527,cdesborough9m@ameblo.jp
207574601,Carmon Rex,CineScope Talent Group,524-766-9865,crex9n@ning.com
226983875,Katya Phare,Nova Artists,407-537-4822,kphare9o@house.gov
307414383,Alexia Galfour,Bright Horizon Management,783-947-9813,agalfour9p@youtu.be
333561646,Royal Lampel,Lumina Productions,140-797-7644,rlampel9q@squidoo.com
302920511,Tessy Syalvester,BoldStage Agency,357-415-7796,tsyalvester9r@163.com
391340078,Yale Brydell,TalentForge Group,297-855-6451,ybrydell9s@ft.com
317129515,Cly Kelley,Bright Horizon Management,297-544-6631,ckelley9t@seesaa.net
290623539,Cassie Binnes,FrameOne Agency,848-261-2002,cbinnes9u@addtoany.com
314740088,Chloette McCahill,TalentForge Group,702-513-5117,cmccahill9v@umich.edu
339480465,Lise Goroni,Visionary Creations,952-865-7812,lgoroni9w@comcast.net
229639204,Nate Blythin,Horizon Artists Collective,715-699-7839,nblythin9x@whitehouse.gov
292961906,Hugo De Goey,Infinity Artists,990-829-8925,hde9y@1688.com
228995103,Haley Reiners,Infinity Artists,402-862-5668,hreiners9z@rediff.com
321706539,Rae Ratt,CineScope Talent Group,947-881-2191,rratta0@mapquest.com
267670621,Brittni Bonelle,Firefly Creatives,625-894-4949,bbonellea1@ca.gov
242283786,Ibby Aldin,TalentForge Group,145-961-3619,ialdina2@shop-pro.jp
275425512,Fredi Lofting,Nova Artists,729-703-9739,floftinga3@dmoz.org
356333002,Obadias Dornin,FrameOne Agency,534-195-4437,odornina4@tinyurl.com
309922462,Mordecai Telling,Apex Media Group,480-685-0670,mtellinga5@biblegateway.com
241721124,Mignon MacLleese,Bright Horizon Management,403-609-1073,mmaclleesea6@360.cn
385194601,Margarita Shrigley,SilverStage Management,978-860-6635,mshrigleya7@blinklist.com
279732852,Bo McCoy,StarTalent Agency,550-330-6947,bmccoya8@feedburner.com
351750127,Lammond Livesay,TrueNorth Agency,736-289-0469,llivesaya9@symantec.com
344290683,Ariel Rangle,Spotlight Representatives,575-436-2723,arangleaa@msu.edu
313407648,Hubert Djorvic,CineScope Talent Group,862-404-7673,hdjorvicab@slashdot.org
294089571,Susette Follet,DreamLine Talent,964-620-9147,sfolletac@tmall.com
346265466,Cara Collinge,Urban Lens Talent,874-752-9858,ccollingead@cam.ac.uk
370258811,Karlotta Gossart,StarTalent Agency,411-360-6746,kgossartae@amazon.co.uk
206034576,Tarrah Duplain,FrameOne Agency,469-120-4135,tduplainaf@google.com.au
293721936,Charleen Bickell,Lumina Productions,973-622-1520,cbickellag@is.gd
326897498,Trish Nunnery,FrameOne Agency,263-560-9518,tnunneryah@slashdot.org
364248290,Nelli Vevers,Bright Horizon Management,584-256-2562,nveversai@e-recht24.de
223273382,Armand Bleeze,Firefly Creatives,561-843-2488,ableezeaj@telegraph.co.uk
222461957,Chickie Mobberley,TalentForge Group,915-671-7315,cmobberleyak@ed.gov
258748168,Larina Simony,Urban Lens Talent,720-633-9162,lsimonyal@bloglines.com
238689343,Albert Burchall,FrameOne Agency,906-499-8881,aburchallam@macromedia.com
285031093,Malva Southerell,Bright Horizon Management,162-722-8381,msoutherellan@mayoclinic.com
391527068,Geoff Hasker,TalentForge Group,404-661-9131,ghaskerao@tripadvisor.com
298214333,Jeralee Jurczak,Infinity Artists,857-223-1078,jjurczakap@aol.com
373403558,Wash Hickeringill,Urban Lens Talent,504-705-0105,whickeringillaq@t.co
346562358,Marilee Boylan,Visionary Creations,960-468-3479,mboylanar@boston.com
208093984,Celestyn Jeal,PrimeWave Entertainment,745-548-5500,cjealas@cbslocal.com
315302545,Nichol Fairn,Infinity Artists,221-356-7154,nfairnat@gizmodo.com
299137077,Neale Lattos,Horizon Artists Collective,522-786-0235,nlattosau@mtv.com
255117995,Nicolais Wall,TalentForge Group,429-375-6985,nwallav@ibm.com
252529630,Nanny Escudier,Bright Horizon Management,553-972-6422,nescudieraw@facebook.com
352839301,Fons Philbin,Infinity Artists,248-569-8224,fphilbinax@wp.com
270145338,Brianna Smallpiece,FrameOne Agency,192-981-0734,bsmallpieceay@nps.gov
233445159,Arty Bengtsson,Spotlight Representatives,781-482-9423,abengtssonaz@flavors.me
360056536,Kenneth Ranger,Apex Media Group,145-761-0388,krangerb0@naver.com
396504899,Averil Sackler,CineScope Talent Group,303-557-0287,asacklerb1@weibo.com
343461925,Roselia Mandifield,Visionary Creations,838-984-6412,rmandifieldb2@networkadvertising.org
323872905,Darice Aldhous,PrimeWave Entertainment,530-782-1225,daldhousb3@devhub.com
200108342,Robers Brownsall,Nova Artists,775-374-7143,rbrownsallb4@weebly.com
317145012,Clayton Lightowler,Apex Media Group,102-454-1596,clightowlerb5@sciencedirect.com
284883837,Rheba Nerne,Visionary Creations,821-889-4709,rnerneb6@blog.com
233150623,Anthony Verheyden,PrimeWave Entertainment,244-884-2060,averheydenb7@noaa.gov
310190013,Nigel Vasilkov,Visionary Creations,221-505-3292,nvasilkovb8@fema.gov
306836030,Alleyn Petrello,Horizon Artists Collective,267-477-7281,apetrellob9@artisteer.com
321249807,Mattias Freyne,Apex Media Group,248-376-9144,mfreyneba@narod.ru
358585310,Miguelita Clewes,CineScope Talent Group,825-847-7120,mclewesbb@wikipedia.org
303884477,Stefan Friskey,Urban Lens Talent,737-694-0542,sfriskeybc@patch.com
297423212,Ravid Rollo,BoldStage Agency,708-548-1363,rrollobd@soundcloud.com
284927790,Elia Crank,DreamLine Talent,511-965-4869,ecrankbe@bizjournals.com
267291182,Shina Djorvic,TrueNorth Agency,139-315-7132,sdjorvicbf@fotki.com
308943864,Lyndell Giovanetti,BoldStage Agency,994-331-2422,lgiovanettibg@google.com
223714913,Maryrose Tattoo,TrueNorth Agency,347-962-0559,mtattoobh@ft.com
351319276,Gavin Chantler,Horizon Artists Collective,927-342-4521,gchantlerbi@state.gov
311943414,Leoine Rotherforth,Spotlight Representatives,139-303-0951,lrotherforthbj@dell.com
391037892,Roberto Corrao,Infinity Artists,637-521-1141,rcorraobk@ning.com
244016588,Elmore Stevens,Lumina Productions,595-903-9910,estevensbl@cbc.ca
230691780,Gilemette Newby,BoldStage Agency,393-500-0376,gnewbybm@usda.gov
389239838,Christiana Freda,Lumina Productions,784-222-7671,cfredabn@alibaba.com
323209358,Sigmund Tebb,Urban Lens Talent,828-616-0064,stebbbo@tinyurl.com
317637836,Tedda Dwire,TrueNorth Agency,957-559-9212,tdwirebp@irs.gov
325062208,Theo Purvis,Nova Artists,364-120-8221,tpurvisbq@multiply.com
300637315,Addia Crawforth,Lumina Productions,648-322-6428,acrawforthbr@loc.gov
257532075,Herrick Gammill,Apex Media Group,311-172-5057,hgammillbs@ebay.co.uk
223777553,Hadlee Sivorn,PrimeWave Entertainment,596-974-1885,hsivornbt@gravatar.com
202299209,Mandel Brickell,TrueNorth Agency,252-142-7053,mbrickellbu@samsung.com
282534546,Terrell Rostern,StarTalent Agency,130-739-3381,trosternbv@cdbaby.com
223855399,Jarvis Shorbrook,SilverStage Management,606-587-9058,jshorbrookbw@unblog.fr
392039495,Dalis Airlie,Nova Artists,701-418-7398,dairliebx@t-online.de
266460172,Martyn Haskins,Visionary Creations,433-515-0944,mhaskinsby@mozilla.org
357381207,Yurik Colston,Firefly Creatives,454-363-9634,ycolstonbz@epa.gov
349077244,Gare Frogley,Nova Artists,798-488-2847,gfrogleyc0@slashdot.org
388627400,Harmonie Nares,TrueNorth Agency,883-972-4207,hnaresc1@uol.com.br
274915006,Shalna Greve,CineScope Talent Group,340-702-5804,sgrevec2@domainmarket.com
284309790,Elysha Dearn,TalentForge Group,267-609-9026,edearnc3@pbs.org
304000470,Leoine Jacmar,TalentForge Group,808-875-4000,ljacmarc4@newsvine.com
260410949,Midge Rawlin,SilverStage Management,659-990-2069,mrawlinc5@bbb.org
366183784,Adi Smewing,StarTalent Agency,354-838-6001,asmewingc6@cocolog-nifty.com
284880480,Cristian Deem,EchoTalent Agency,703-136-5151,cdeemc7@eepurl.com
379787174,Thomasine Hail,Bright Horizon Management,871-901-2550,thailc8@ft.com
378526843,Pearla Clelland,Horizon Artists Collective,243-677-4685,pclellandc9@ocn.ne.jp
270445707,Peter Nottle,DreamLine Talent,324-538-8149,pnottleca@live.com
285673934,Whit Murtell,Lumina Productions,829-989-0381,wmurtellcb@alibaba.com
281234108,Sibilla Furman,DreamLine Talent,465-638-1773,sfurmancc@cornell.edu
273219503,Cordi Atcock,Urban Lens Talent,423-685-5547,catcockcd@wix.com
245224154,Loralyn Southon,StarTalent Agency,659-805-8413,lsouthonce@amazonaws.com
327172516,Min Shaughnessy,Apex Media Group,776-560-8535,mshaughnessycf@whitehouse.gov
260476256,Wynn Albery,FrameOne Agency,763-683-8886,walberycg@networkadvertising.org
353718237,Leroy Marjoribanks,TalentForge Group,551-575-0145,lmarjoribanksch@squarespace.com
389279553,Ravid Brickett,Lumina Productions,352-516-8165,rbrickettci@howstuffworks.com
378361618,Jorgan Jarville,Horizon Artists Collective,602-687-4788,jjarvillecj@miibeian.gov.cn
357915610,Mirelle de Keep,Horizon Artists Collective,960-839-3479,mdeck@redcross.org
325942092,Izak Alvares,FrameOne Agency,198-342-9117,ialvarescl@lulu.com
304627633,Euphemia Beedell,Urban Lens Talent,611-637-8779,ebeedellcm@shinystat.com
367809204,Cybill Plet,Firefly Creatives,148-107-2539,cpletcn@nhs.uk
337785731,Dimitry Connew,Infinity Artists,794-314-9204,dconnewco@ycombinator.com
229077371,Juana Maciaszek,Horizon Artists Collective,830-968-3833,jmaciaszekcp@redcross.org
293702905,Bibi Hentzer,TrueNorth Agency,962-894-2561,bhentzercq@blogs.com
246560500,Calida Castilljo,BoldStage Agency,936-576-4828,ccastilljocr@nba.com
242555054,Wang Tremmel,BoldStage Agency,203-595-6284,wtremmelcs@bloglovin.com
359197202,Berti De Bernardis,CineScope Talent Group,694-378-4366,bdect@biglobe.ne.jp
235796089,Merry Boissieux,BoldStage Agency,443-155-9499,mboissieuxcu@thetimes.co.uk
221230670,Stanleigh Brunon,Bright Horizon Management,369-873-8604,sbrunoncv@slideshare.net
312055676,Chas Fery,Bright Horizon Management,420-493-7129,cferycw@blinklist.com
311705792,Byram Goodoune,PrimeWave Entertainment,643-274-6333,bgoodounecx@tumblr.com
278841422,Nikkie Rojel,SilverStage Management,341-523-1738,nrojelcy@dmoz.org
291362183,Janie Kester,Firefly Creatives,393-152-0395,jkestercz@amazonaws.com
274800646,Margaretha Gooden,TalentForge Group,439-118-7561,mgoodend0@miibeian.gov.cn
202227779,Archie Hehnke,PrimeWave Entertainment,711-187-8777,ahehnked1@ted.com
252202220,Berkie Castiello,Infinity Artists,601-884-0764,bcastiellod2@ovh.net
352769256,Shannan Stoffer,Infinity Artists,257-879-9219,sstofferd3@ted.com
234445423,Conrade Morgan,Apex Media Group,881-856-3663,cmorgand4@dailymail.co.uk
353343036,Eula Stacey,StarTalent Agency,298-453-9422,estaceyd5@paypal.com
293641810,Hermina Petrus,DreamLine Talent,662-536-8661,hpetrusd6@slashdot.org
319690117,Dominique Swinyard,Apex Media Group,943-909-9095,dswinyardd7@booking.com
286855996,Demeter Gingedale,TalentForge Group,355-210-3516,dgingedaled8@feedburner.com
376757566,Pepillo Grangier,Firefly Creatives,112-835-6883,pgrangierd9@yahoo.com
274119711,Debra Ambler,DreamLine Talent,565-293-7031,damblerda@tmall.com
325745757,Brose Franzini,SilverStage Management,680-148-9746,bfranzinidb@nasa.gov
344793955,Gaby Espin,Horizon Artists Collective,819-713-1580,gespindc@gmpg.org
276818040,Dall MacAscaidh,SilverStage Management,838-251-0503,dmacascaidhdd@cyberchimps.com
343332488,Jamil Gummory,Horizon Artists Collective,919-663-5329,jgummoryde@skyrock.com
220568102,Donaugh Figgures,Urban Lens Talent,717-491-7927,dfigguresdf@scientificamerican.com
252016530,Lonna Keam,Bright Horizon Management,523-809-4740,lkeamdg@prweb.com
374216804,Lauralee Veelers,DreamLine Talent,655-394-4845,lveelersdh@fema.gov
270613865,Lambert Faudrie,Visionary Creations,528-785-1940,lfaudriedi@123-reg.co.uk
281592429,Brunhilde Iffe,Horizon Artists Collective,602-128-9180,biffedj@phoca.cz
388361221,Vevay McPhee,FrameOne Agency,105-962-8265,vmcpheedk@unesco.org
293225353,Eddy Carwithen,TalentForge Group,954-493-8485,ecarwithendl@google.it
301887079,Lacee Board,FrameOne Agency,131-381-1569,lboarddm@phpbb.com
219269131,Carling Amy,BoldStage Agency,579-295-1616,camydn@icq.com
354107685,Pammy Inge,Visionary Creations,629-335-5194,pingedo@parallels.com
382504157,Lynnea Hacquard,Apex Media Group,867-713-2403,lhacquarddp@1688.com
279075925,Mark Aronson,Firefly Creatives,631-872-8189,maronsondq@home.pl
351538983,Codie Harriot,Lumina Productions,471-178-1307,charriotdr@ustream.tv
325519443,Quincey Straker,Apex Media Group,751-887-0120,qstrakerds@spotify.com
350809770,Adelaida MacGall,TalentForge Group,474-550-4567,amacgalldt@xing.com
291482115,Basil Hales,Apex Media Group,984-447-0167,bhalesdu@elegantthemes.com
228427433,Karalee Noon,BoldStage Agency,972-116-6850,knoondv@msu.edu
351309967,Cornall Markey,Apex Media Group,673-637-4812,cmarkeydw@time.com
338744847,Lelah Croall,BoldStage Agency,475-541-3392,lcroalldx@boston.com
266091573,Kaitlyn List,BoldStage Agency,101-504-2031,klistdy@cafepress.com
353537067,Gui Nijs,Lumina Productions,394-450-9808,gnijsdz@youku.com
252665434,Lezlie Denerley,Bright Horizon Management,604-793-0453,ldenerleye0@businessinsider.com
225671018,Keith Down,SilverStage Management,529-519-6774,kdowne1@dropbox.com
377089488,Lucy Tuny,Nova Artists,500-761-9105,ltunye2@wufoo.com
299183681,Carmela Rankine,StarTalent Agency,382-841-4261,crankinee3@webnode.com
230416973,Burt Amberger,Bright Horizon Management,674-400-6130,bambergere4@wordpress.com
247326440,El Dwire,Spotlight Representatives,247-244-6644,edwiree5@salon.com
263078167,Sam Levensky,CineScope Talent Group,946-317-6086,slevenskye6@miitbeian.gov.cn
320014470,Briggs Babin,Horizon Artists Collective,813-907-7669,bbabine7@google.ca
284081930,Brinn Stelli,TrueNorth Agency,475-128-0991,bstellie8@netlog.com
276759859,Helsa Heugel,BoldStage Agency,515-900-6625,hheugele9@joomla.org
374253152,Eleanor Beeden,Infinity Artists,436-567-6532,ebeedenea@nifty.com
363494233,Jessika Fierman,StarTalent Agency,944-916-0038,jfiermaneb@squarespace.com
211913433,Sancho Paskell,Lumina Productions,318-749-0485,spaskellec@1688.com
301358701,Helge Dennerly,Urban Lens Talent,466-172-8762,hdennerlyed@devhub.com
298976780,Weider Lorente,Bright Horizon Management,395-447-4445,wlorenteee@desdev.cn
385952417,Hannah Bustard,Urban Lens Talent,256-455-3802,hbustardef@google.de
273922361,Thurston Truggian,EchoTalent Agency,932-314-8457,ttruggianeg@rambler.ru
247450143,Linn Jakeman,Visionary Creations,670-388-8678,ljakemaneh@list-manage.com
358735382,Robbyn Rilton,Urban Lens Talent,874-470-5015,rriltonei@theatlantic.com
249097254,Jeni Klimp,CineScope Talent Group,312-651-8012,jklimpej@sciencedirect.com
285581506,Piper Kryska,Horizon Artists Collective,916-166-3131,pkryskaek@github.com
319363423,Murvyn Hathaway,Urban Lens Talent,377-903-9860,mhathawayel@redcross.org
308274311,Finn Filipowicz,Nova Artists,398-604-9624,ffilipowiczem@deviantart.com
359764565,Marian Scamerden,EchoTalent Agency,155-829-3121,mscamerdenen@npr.org
383571080,Dorene Rulton,TrueNorth Agency,892-773-8989,drultoneo@usda.gov
280616234,Desmond Lammers,FrameOne Agency,946-481-6726,dlammersep@over-blog.com
367640842,Angelika Swinyard,DreamLine Talent,122-204-0654,aswinyardeq@cnbc.com
305821957,Cirillo Marre,Infinity Artists,342-421-6970,cmarreer@earthlink.net
252076860,Maddi Janaszkiewicz,Lumina Productions,430-706-4412,mjanaszkiewiczes@auda.org.au
205353793,Shea Greedy,Spotlight Representatives,209-310-7310,sgreedyet@vk.com
202729190,Brandon Leonardi,BoldStage Agency,719-261-6202,bleonardieu@purevolume.com
237419094,Culley Braham,Infinity Artists,363-418-0060,cbrahamev@europa.eu
322404281,Bren Duckers,StarTalent Agency,341-371-7553,bduckersew@cargocollective.com
260920961,Erma Steffens,PrimeWave Entertainment,607-749-0202,esteffensex@myspace.com
393422505,Wilma Coneron,Apex Media Group,704-364-1516,wconeroney@who.int
317007741,Kev Rowland,Infinity Artists,460-147-0219,krowlandez@addthis.com
293078474,Janetta Lipsett,DreamLine Talent,671-379-9221,jlipsettf0@pinterest.com
272714373,Erminie Hinken,StarTalent Agency,634-480-8080,ehinkenf1@squarespace.com
390566738,Ingram Goldby,Urban Lens Talent,270-242-2784,igoldbyf2@wordpress.org
377850950,Slade Kliche,Horizon Artists Collective,951-590-6432,sklichef3@yelp.com
212780987,Karlen Kaemena,Horizon Artists Collective,768-651-7125,kkaemenaf4@google.com.br
256303923,Aland Moorhead,PrimeWave Entertainment,562-265-2622,amoorheadf5@weebly.com
285845929,Astrid Nials,Horizon Artists Collective,617-221-9671,anialsf6@google.cn
245014556,Carl Chaudron,TalentForge Group,687-109-0649,cchaudronf7@histats.com
220387206,Jocko Paynton,Apex Media Group,104-444-6035,jpayntonf8@qq.com
361268680,Luther Achromov,PrimeWave Entertainment,422-335-6389,lachromovf9@admin.ch
337941351,Gabie Dacombe,Firefly Creatives,690-220-0655,gdacombefa@instagram.com
219006809,Camel Byart,Infinity Artists,458-273-7858,cbyartfb@xinhuanet.com
363467175,Merle Wilce,Infinity Artists,918-719-7762,mwilcefc@forbes.com
277509255,Quinn Springer,EchoTalent Agency,236-252-3918,qspringerfd@yellowbook.com
275852431,Ogden Blowick,BoldStage Agency,232-616-6565,oblowickfe@drupal.org
232144473,Silvio Tunuy,Apex Media Group,312-803-1783,stunuyff@about.com
228373749,Laurene Cardenoza,FrameOne Agency,372-781-5991,lcardenozafg@narod.ru
350514440,Murry Rimmington,StarTalent Agency,713-472-0763,mrimmingtonfh@github.com
372735278,Aline Somers,PrimeWave Entertainment,909-429-2359,asomersfi@samsung.com
359768089,Allie Forlong,Firefly Creatives,176-345-2327,aforlongfj@wordpress.org
315504196,Dorthy Blenkinsop,Bright Horizon Management,479-454-4068,dblenkinsopfk@sohu.com
206871228,Norma Valdes,Infinity Artists,775-567-5851,nvaldesfl@goodreads.com
386973062,Catina Found,CineScope Talent Group,296-896-0361,cfoundfm@slashdot.org
273563899,Leonardo Cranna,DreamLine Talent,422-266-5342,lcrannafn@princeton.edu
294553163,Nehemiah Redhills,SilverStage Management,407-217-3136,nredhillsfo@yahoo.com
202334587,Leyla Benjafield,Firefly Creatives,513-787-3685,lbenjafieldfp@dailymotion.com
292200269,Sean Litchfield,Infinity Artists,633-272-5479,slitchfieldfq@ft.com
216757819,Morganne Isoldi,Bright Horizon Management,979-585-0325,misoldifr@networkadvertising.org
223446204,Anallese Tregensoe,Lumina Productions,925-805-7266,atregensoefs@nytimes.com
395460526,Cristabel Waterdrinker,StarTalent Agency,499-471-3184,cwaterdrinkerft@wikia.com
359848475,Adolphus Jackett,Infinity Artists,246-281-4369,ajackettfu@goodreads.com
213402816,Ethelbert Toyer,DreamLine Talent,373-114-0081,etoyerfv@imgur.com
294838750,Terrance Folomin,TrueNorth Agency,174-113-4950,tfolominfw@cnet.com
289742489,Filmore Willetts,TalentForge Group,565-378-7951,fwillettsfx@sohu.com
256024927,Winslow Marchello,Bright Horizon Management,135-721-8001,wmarchellofy@google.nl
262254332,Traci Lindelof,Spotlight Representatives,813-209-4793,tlindeloffz@wikia.com
242232631,Dionne Meir,Visionary Creations,100-995-6947,dmeirg0@github.com
237876544,Jarrod Matthews,Visionary Creations,926-100-3992,jmatthewsg1@sun.com
361204170,Kristin Glitherow,StarTalent Agency,476-872-4625,kglitherowg2@netvibes.com
378709010,Braden Flack,Infinity Artists,441-596-6357,bflackg3@forbes.com
358331091,Everard Harron,Urban Lens Talent,282-710-3218,eharrong4@lulu.com
346947198,Devonna Jephson,Lumina Productions,232-741-4403,djephsong5@newyorker.com
307542297,Burg MacDuff,Spotlight Representatives,444-120-5916,bmacduffg6@drupal.org
213808031,Joelynn Garthshore,Lumina Productions,222-847-5275,jgarthshoreg7@elpais.com
293636338,Mitchell Gamble,Lumina Productions,379-724-1089,mgambleg8@google.com.au
354261279,Maureen Piddington,Visionary Creations,852-312-9590,mpiddingtong9@thetimes.co.uk
377914440,Archer Semrad,BoldStage Agency,866-482-7605,asemradga@123-reg.co.uk
351236682,Arlina Arcase,Apex Media Group,460-572-4054,aarcasegb@cdbaby.com
315974488,Maryanna Toffolo,TrueNorth Agency,635-674-2450,mtoffologc@psu.edu
274286854,Dyanna Ghirigori,StarTalent Agency,399-906-8015,dghirigorigd@liveinternet.ru
222578365,Isa Mockler,Visionary Creations,805-542-7424,imocklerge@devhub.com
358040015,Marjy Amoss,DreamLine Talent,349-406-5642,mamossgf@techcrunch.com
282466866,Nehemiah Venning,Infinity Artists,794-261-1216,nvenninggg@unesco.org
301173617,Judi Paulou,TalentForge Group,611-600-0666,jpaulough@netlog.com
237835165,Isak Goose,Apex Media Group,620-396-9691,igoosegi@nifty.com
254486603,Prudi Darkin,Urban Lens Talent,731-394-1989,pdarkingj@shinystat.com
365374641,Cris Linfoot,Nova Artists,687-551-5418,clinfootgk@state.gov
231439220,Yorgo MacWhirter,PrimeWave Entertainment,355-560-9146,ymacwhirtergl@last.fm
395442658,Alain Maly,Lumina Productions,848-380-2638,amalygm@yahoo.co.jp
269261844,Noland D''Aeth,TrueNorth Agency,866-671-5581,ndaethgn@gov.uk
359792176,Horatia Reightley,Infinity Artists,554-486-5229,hreightleygo@usnews.com
210755008,Avrom Paull,Urban Lens Talent,629-726-1190,apaullgp@ning.com
286707594,Marrissa Gavrielli,Firefly Creatives,295-637-8819,mgavrielligq@washingtonpost.com
366198363,Connie Finlry,EchoTalent Agency,190-432-9195,cfinlrygr@soup.io
287358830,Anabel Dunford,StarTalent Agency,315-663-3376,adunfordgs@cargocollective.com
264842894,Jerrold Spacey,StarTalent Agency,750-567-6179,jspaceygt@scribd.com
305775479,Mercedes MacDearmid,Visionary Creations,205-135-9416,mmacdearmidgu@amazon.co.jp
283155403,Woodman Blankman,Bright Horizon Management,983-513-4929,wblankmangv@addthis.com
215713601,Samara Gresly,Horizon Artists Collective,595-231-9477,sgreslygw@g.co
240343086,Hart Greenrde,Visionary Creations,822-272-9390,hgreenrdegx@weibo.com
221028192,Forrester Pindar,Firefly Creatives,447-618-1106,fpindargy@wufoo.com
242556814,Hayley Sparshatt,FrameOne Agency,994-102-9168,hsparshattgz@google.nl
303745515,Kerwin Petrazzi,Horizon Artists Collective,593-806-9759,kpetrazzih0@loc.gov
304831887,Colman Wartnaby,Nova Artists,961-352-0153,cwartnabyh1@wikipedia.org
221451759,Xylina Leidl,StarTalent Agency,505-518-5687,xleidlh2@paypal.com
394390046,Rorie Sneath,FrameOne Agency,308-868-9772,rsneathh3@elegantthemes.com
356133682,Willette Gerrit,Spotlight Representatives,342-375-5922,wgerrith4@usda.gov
273028223,Micheline Semrad,Urban Lens Talent,594-254-5810,msemradh5@cafepress.com
204730798,Buck Ibert,BoldStage Agency,291-800-2709,biberth6@mapy.cz
334474990,Daveta Hedingham,CineScope Talent Group,684-651-7879,dhedinghamh7@networksolutions.com
368882643,Goldie Balderston,EchoTalent Agency,855-304-3739,gbalderstonh8@wikipedia.org
344579587,Emilia Seed,CineScope Talent Group,131-607-3400,eseedh9@narod.ru
229473580,Norbert Bowle,FrameOne Agency,113-632-5221,nbowleha@usda.gov
397077037,Nannie Reeman,EchoTalent Agency,852-602-8637,nreemanhb@engadget.com
286617222,Sven Klimes,FrameOne Agency,391-743-9045,sklimeshc@paginegialle.it
345370170,Jacintha Holme,Lumina Productions,671-165-9439,jholmehd@google.pl
352241686,Sanford Bacon,FrameOne Agency,189-913-0195,sbaconhe@sciencedirect.com
388663205,Laryssa Scimonelli,Visionary Creations,793-727-7597,lscimonellihf@cbslocal.com
365580767,Ferdinanda Chittock,FrameOne Agency,390-632-9715,fchittockhg@mozilla.org
393788003,Moina Lepper,Nova Artists,655-256-7527,mlepperhh@jugem.jp
226338573,Courtney Akers,CineScope Talent Group,120-444-2539,cakershi@cdc.gov
292453644,Hyacinthe Tregonna,DreamLine Talent,921-746-5090,htregonnahj@disqus.com
307707156,Eberto Stockin,Firefly Creatives,347-432-4765,estockinhk@mozilla.com
264215219,Antin Meeus,BoldStage Agency,626-845-9797,ameeushl@mozilla.org
308495631,Calida Sodo,Lumina Productions,588-353-4214,csodohm@slideshare.net
395928920,Jania Hembery,Urban Lens Talent,141-287-6548,jhemberyhn@about.me
305000610,Cassy Francescone,EchoTalent Agency,268-860-0736,cfrancesconeho@unc.edu
294106881,Lorinda Scohier,Apex Media Group,758-718-5197,lscohierhp@accuweather.com
321493011,Coreen Beaumont,TalentForge Group,733-570-1045,cbeaumonthq@walmart.com
340452490,Umeko Antonellini,DreamLine Talent,724-218-7994,uantonellinihr@goodreads.com
372556597,Kassey Pedel,Firefly Creatives,785-422-9017,kpedelhs@indiegogo.com
315144071,Briggs Viggers,Visionary Creations,892-951-6167,bviggersht@nationalgeographic.com
294159986,Karlik Resdale,FrameOne Agency,761-318-4660,kresdalehu@yellowpages.com
249109171,Pier Perris,TrueNorth Agency,868-509-6140,pperrishv@github.io
329858172,Siffre Robroe,Infinity Artists,257-775-0860,srobroehw@cargocollective.com
298509891,Annamaria Ossenna,Visionary Creations,124-645-5698,aossennahx@opera.com
331998282,Danette Wyborn,Urban Lens Talent,686-373-1006,dwybornhy@t-online.de
248375662,Maxi Haberjam,Horizon Artists Collective,430-409-4470,mhaberjamhz@cdc.gov
374738126,Lind Wadge,DreamLine Talent,406-903-4330,lwadgei0@naver.com
257765711,Bianka Wotherspoon,StarTalent Agency,736-788-2611,bwotherspooni1@domainmarket.com
352826820,Florian Burburough,Horizon Artists Collective,867-883-2128,fburburoughi2@samsung.com
271391130,Jeno Lambdin,Nova Artists,215-804-3408,jlambdini3@usnews.com
328847121,Kendre Bunney,Apex Media Group,509-341-7293,kbunneyi4@omniture.com
370437866,Lorrie Brodbin,TrueNorth Agency,134-315-6630,lbrodbini5@ihg.com
375967607,Goldina Whyman,FrameOne Agency,506-667-3506,gwhymani6@godaddy.com
351796763,Nealon Dunkerley,Nova Artists,388-199-4366,ndunkerleyi7@theguardian.com
240775627,Elisabetta Garthshore,Firefly Creatives,176-960-0245,egarthshorei8@time.com
238581879,Forster Vince,Infinity Artists,776-683-6767,fvincei9@bluehost.com
397426919,Fergus Gilman,FrameOne Agency,896-204-7653,fgilmania@phoca.cz
295402783,Rickie O''Quin,FrameOne Agency,771-982-1046,roquinib@addthis.com
323705284,Danyelle Clemont,Lumina Productions,526-847-4528,dclemontic@ed.gov
228774859,Martha Pretley,PrimeWave Entertainment,741-593-1566,mpretleyid@vk.com
253483834,Durand Sumnall,Bright Horizon Management,321-435-0862,dsumnallie@flavors.me
243424726,Deloria Hulatt,Urban Lens Talent,198-884-7453,dhulattif@about.com
368176516,Rabi Warsop,Nova Artists,387-438-9342,rwarsopig@mtv.com
202200947,Roley Stearn,CineScope Talent Group,730-690-6312,rstearnih@adobe.com
291604371,Dorian Whitten,Lumina Productions,221-930-1359,dwhittenii@smh.com.au
384144782,Flory Murty,Visionary Creations,850-264-4365,fmurtyij@businesswire.com
283305061,Murial Bartelet,PrimeWave Entertainment,826-437-6504,mbarteletik@posterous.com
323374254,Harriet Brea,Bright Horizon Management,292-646-2821,hbreail@qq.com
211435858,Aldus Tocque,Apex Media Group,890-981-8621,atocqueim@behance.net
374653439,Kerry Driuzzi,Infinity Artists,767-543-7280,kdriuzziin@google.com
231749717,Genovera Cleator,Urban Lens Talent,794-105-9565,gcleatorio@phoca.cz
384847911,Gardy Tabb,Nova Artists,813-206-7961,gtabbip@wired.com
286557778,Guntar Seaborne,Visionary Creations,578-416-2223,gseaborneiq@ifeng.com
242918954,Jada Delieu,Lumina Productions,182-468-3777,jdelieuir@icq.com
212476795,Klemens Skouling,BoldStage Agency,276-718-2257,kskoulingis@marketwatch.com
222958752,Marijn Hook,TalentForge Group,725-338-2187,mhookit@lulu.com
214215314,Berne Jirick,Bright Horizon Management,686-461-1256,bjirickiu@sbwire.com
388530415,Pamela Bacher,TrueNorth Agency,563-142-6154,pbacheriv@netlog.com
343127064,Bria Cullin,Lumina Productions,260-491-0532,bculliniw@i2i.jp
238674355,Gilbert Chaise,DreamLine Talent,220-240-1974,gchaiseix@github.io
344573990,Gretta Fredi,Urban Lens Talent,316-381-8522,gfrediiy@usnews.com
353870348,Leslie Antonikov,DreamLine Talent,549-177-5603,lantonikoviz@fotki.com
293166473,Norene Hainey`,EchoTalent Agency,610-536-8849,nhaineyj0@vkontakte.ru
236228877,Rani Mariet,PrimeWave Entertainment,726-597-3017,rmarietj1@berkeley.edu
244737128,Elmira Coughan,SilverStage Management,614-118-5492,ecoughanj2@statcounter.com
375559430,Benyamin Vinter,CineScope Talent Group,904-539-7497,bvinterj3@springer.com
287547902,Romona Bartalucci,SilverStage Management,385-921-1062,rbartaluccij4@tripod.com
257131963,Giustino Thunnerclef,Bright Horizon Management,960-648-5595,gthunnerclefj5@cdbaby.com
383260438,Flinn Paolacci,Urban Lens Talent,785-562-1560,fpaolaccij6@bandcamp.com
283810760,Sharona Glowacha,Horizon Artists Collective,702-585-4815,sglowachaj7@umich.edu
263787987,Allene Sexti,DreamLine Talent,618-364-8788,asextij8@zdnet.com
337937630,Lydia Goadsby,DreamLine Talent,591-958-0692,lgoadsbyj9@sfgate.com
348234391,Rafaellle Verson,Bright Horizon Management,888-640-0496,rversonja@google.co.jp
230403766,Tabitha Corn,Infinity Artists,484-822-8500,tcornjb@omniture.com
291951512,Lonnard Smalles,StarTalent Agency,732-541-7762,lsmallesjc@illinois.edu
366375142,Ermina Node,Bright Horizon Management,710-557-8882,enodejd@businessinsider.com
332420136,Roseanne McVee,Apex Media Group,111-375-1123,rmcveeje@google.es
316780253,Phineas Trimble,Horizon Artists Collective,569-324-0426,ptrimblejf@goo.gl
353643690,Alvis Peregrine,StarTalent Agency,818-821-3475,aperegrinejg@narod.ru
203569883,Wendie Deyenhardt,StarTalent Agency,853-667-6538,wdeyenhardtjh@plala.or.jp
341766205,Maynord Vynarde,Firefly Creatives,886-768-7059,mvynardeji@youtube.com
363689880,Jose Heaselgrave,StarTalent Agency,152-663-5753,jheaselgravejj@cbsnews.com
359320836,Curt Breakwell,Infinity Artists,315-790-2900,cbreakwelljk@webs.com
237496786,Matthus Reichartz,DreamLine Talent,925-752-8975,mreichartzjl@oakley.com
256639547,Laird Pettisall,Lumina Productions,830-639-4097,lpettisalljm@epa.gov
247531231,Xenia Edmans,Nova Artists,440-686-9563,xedmansjn@kickstarter.com
374771040,Bethina Van Dale,Bright Horizon Management,743-214-1050,bvanjo@harvard.edu
241427866,Dimitri Jakuszewski,Urban Lens Talent,656-926-2846,djakuszewskijp@statcounter.com
255471917,Gloriana Whorlton,TalentForge Group,429-456-2450,gwhorltonjq@mapquest.com
311684224,Freeman Sergant,Visionary Creations,312-142-6709,fsergantjr@creativecommons.org
295826506,Dalis Charpling,Visionary Creations,865-841-1858,dcharplingjs@uiuc.edu
339834843,Ruthanne Pittendreigh,Apex Media Group,102-239-8292,rpittendreighjt@bloomberg.com
234432821,Jamey Frantzen,TalentForge Group,926-889-8644,jfrantzenju@tinyurl.com
276126169,Rosanne Tims,Apex Media Group,404-294-9711,rtimsjv@earthlink.net
388018179,Harmonia McGilvray,SilverStage Management,861-496-6003,hmcgilvrayjw@privacy.gov.au
336775749,Jory Gorriessen,Nova Artists,891-178-8665,jgorriessenjx@e-recht24.de
332363288,Vicki Breche,Infinity Artists,364-901-8548,vbrechejy@timesonline.co.uk
369520487,Petra Provest,Spotlight Representatives,427-556-5354,pprovestjz@umich.edu
208453401,Stephani Falls,CineScope Talent Group,235-710-9327,sfallsk0@berkeley.edu
363351164,Thornie Prendeguest,SilverStage Management,887-496-9450,tprendeguestk1@wikimedia.org
266957357,Gerladina Caplen,Bright Horizon Management,413-927-5300,gcaplenk2@nydailynews.com
386681832,Grant O''Donoghue,Infinity Artists,880-487-3171,godonoghuek3@feedburner.com
236498377,Ricky Cowndley,Horizon Artists Collective,329-212-8687,rcowndleyk4@tiny.cc
277100270,Rachel Darrach,Urban Lens Talent,389-420-9003,rdarrachk5@smh.com.au
295762296,Cordie Middell,DreamLine Talent,659-756-1620,cmiddellk6@sakura.ne.jp
244683129,Marni Fakes,Visionary Creations,543-990-7245,mfakesk7@delicious.com
203379447,Derward Gyford,Urban Lens Talent,619-439-9914,dgyfordk8@ftc.gov
360336854,Elfrida Hedylstone,TrueNorth Agency,242-846-9973,ehedylstonek9@ezinearticles.com
367233403,Cynthie de Werk,Firefly Creatives,779-112-9746,cdeka@thetimes.co.uk
208883269,Cathrine Kaesmakers,Horizon Artists Collective,358-276-6309,ckaesmakerskb@springer.com
364393261,Marilyn Muschette,Apex Media Group,492-545-2968,mmuschettekc@fema.gov
321589611,Morganica Janssen,Infinity Artists,275-451-4076,mjanssenkd@wikispaces.com
245580978,Tyson Fransseni,CineScope Talent Group,602-897-8968,tfranssenike@creativecommons.org
300646140,Margaretta Seifenmacher,PrimeWave Entertainment,421-219-4382,mseifenmacherkf@csmonitor.com
371871591,Kasper Dacke,Spotlight Representatives,100-847-3652,kdackekg@freewebs.com
349000112,Si Aimeric,TalentForge Group,443-695-8785,saimerickh@feedburner.com
354967982,Bennett Albery,TrueNorth Agency,426-459-6202,balberyki@prweb.com
277057081,Lorraine Best,CineScope Talent Group,107-361-6170,lbestkj@stanford.edu
357968945,Rabbi Youdell,FrameOne Agency,739-449-4206,ryoudellkk@google.de
329056695,Cicely Samett,DreamLine Talent,573-574-7108,csamettkl@google.cn
270021505,Regan Slowey,TrueNorth Agency,748-753-5980,rsloweykm@webmd.com
375920812,Ambrose Prosh,Infinity Artists,746-924-2376,aproshkn@qq.com
373765798,Betteann Matkin,Spotlight Representatives,202-443-8580,bmatkinko@shinystat.com
224872844,Janela Corker,FrameOne Agency,498-722-6677,jcorkerkp@twitter.com
298689177,Thalia Caghan,Spotlight Representatives,211-716-9140,tcaghankq@yellowpages.com
271895377,Moses Tuminini,DreamLine Talent,603-389-5514,mtumininikr@stumbleupon.com
295177205,Terrell Wordsley,SilverStage Management,759-811-6753,twordsleyks@surveymonkey.com
231335784,Rheta Kenn,EchoTalent Agency,627-611-4038,rkennkt@msu.edu
251162570,Krystle Swain,Spotlight Representatives,652-486-8532,kswainku@archive.org
284982501,Adiana Goly,TrueNorth Agency,104-451-5827,agolykv@cdc.gov
245412166,Julie Bercevelo,Visionary Creations,877-359-7289,jbercevelokw@rambler.ru
207124069,Goran Speachley,BoldStage Agency,540-735-8982,gspeachleykx@lulu.com
245446946,Humberto Pendered,Firefly Creatives,437-934-2570,hpenderedky@digg.com
364411677,Nick Cuskery,Infinity Artists,580-819-2129,ncuskerykz@alexa.com
339699166,Benoit Leitch,PrimeWave Entertainment,282-689-7156,bleitchl0@wsj.com
221012692,Seline Donn,Apex Media Group,436-849-2812,sdonnl1@infoseek.co.jp
256338647,Ange Behninck,Lumina Productions,679-593-3427,abehninckl2@gizmodo.com
358840417,Harriett Burg,Lumina Productions,442-530-4175,hburgl3@fema.gov
273471018,Debby Fatharly,Lumina Productions,206-317-0871,dfatharlyl4@oaic.gov.au
277653905,Lynna Gaspard,Firefly Creatives,520-695-2273,lgaspardl5@histats.com
304621722,Darlleen Bartolozzi,StarTalent Agency,990-670-7791,dbartolozzil6@sakura.ne.jp
313074849,Thain Old,Apex Media Group,959-749-3783,toldl7@about.me
305693206,Lela Compfort,StarTalent Agency,528-218-0541,lcompfortl8@newyorker.com
314935088,Papagena Eggins,EchoTalent Agency,949-918-2242,pegginsl9@amazon.de
224319778,Ed Gozard,TalentForge Group,611-989-8262,egozardla@spiegel.de
338022313,Howard Proudlock,FrameOne Agency,620-429-7688,hproudlocklb@oakley.com
200160277,Ernest MacKeogh,FrameOne Agency,614-824-6711,emackeoghlc@meetup.com
261022419,Lani Noah,Visionary Creations,692-423-5488,lnoahld@thetimes.co.uk
214367772,Colman Bromidge,Infinity Artists,372-837-0108,cbromidgele@telegraph.co.uk
255126218,Abbe Lewington,Nova Artists,427-814-0333,alewingtonlf@japanpost.jp
387005961,Talbert Jozwiak,Firefly Creatives,400-810-8313,tjozwiaklg@shinystat.com
340725123,Ninette Cristoforo,SilverStage Management,540-513-9140,ncristoforolh@salon.com
217029086,Zacharia Caldecott,FrameOne Agency,890-777-3690,zcaldecottli@mashable.com
279731105,Andy Malshinger,Apex Media Group,617-606-8097,amalshingerlj@woothemes.com
208028120,Morrie Audritt,Infinity Artists,479-220-9761,maudrittlk@nydailynews.com
296690620,Melisande Farleigh,Bright Horizon Management,798-472-2624,mfarleighll@hibu.com
296788628,Emiline Charlo,Lumina Productions,680-864-3707,echarlolm@csmonitor.com
386012284,Eran Djurkovic,TrueNorth Agency,911-152-4454,edjurkovicln@cnet.com
228276412,Berenice Delamar,PrimeWave Entertainment,635-830-9572,bdelamarlo@bbc.co.uk
319581601,Hammad Remington,Apex Media Group,426-197-5471,hremingtonlp@intel.com
386304486,Randie Delgardo,FrameOne Agency,313-794-0948,rdelgardolq@theglobeandmail.com
203214656,Trudie Seeking,BoldStage Agency,872-676-5940,tseekinglr@list-manage.com
229166017,Lebbie Cardenosa,BoldStage Agency,759-618-5261,lcardenosals@drupal.org
340157710,Sapphira Hryniewicki,CineScope Talent Group,162-243-2802,shryniewickilt@tripadvisor.com
320295056,Dierdre Jeandet,Nova Artists,511-796-4446,djeandetlu@github.io
305471455,Yorke Ratlee,Infinity Artists,603-841-4298,yratleelv@so-net.ne.jp
274474241,Amabel Dutson,BoldStage Agency,895-991-6018,adutsonlw@mlb.com
283858303,Kleon Bessom,FrameOne Agency,985-742-2715,kbessomlx@wired.com
348276145,Grady Cawthorn,Bright Horizon Management,444-924-1568,gcawthornly@house.gov
280099133,Forrester Le Friec,EchoTalent Agency,969-294-6283,flelz@slate.com
232458921,Ely Newart,Infinity Artists,378-104-2740,enewartm0@wsj.com
299295849,Lewes Thebeau,Horizon Artists Collective,187-682-2392,lthebeaum1@deliciousdays.com
371740905,Richie Steanyng,FrameOne Agency,300-314-9308,rsteanyngm2@bloglovin.com
361447850,Ashia Hakonsen,Lumina Productions,774-553-8448,ahakonsenm3@deviantart.com
326239839,Ileana Harradine,Apex Media Group,427-393-9704,iharradinem4@google.com.hk
303653485,Frayda Nobriga,Lumina Productions,995-733-9938,fnobrigam5@google.de
280961721,Jefferey Flitcroft,StarTalent Agency,474-672-6706,jflitcroftm6@webmd.com
303704792,Valery Clunan,FrameOne Agency,197-716-4553,vclunanm7@tripadvisor.com
