ProductionID,Title,ProductionType,ReleaseDate,Genre,ProductionRating
1,Pervert''s Guide to Ideology,The,313,2004-09-24,Documentary,2.5
2,Oversimplification of Her Beauty,743,1994-01-05,Animation|Comedy|Drama|Romance,5.3
3,The Cop in Blue Jeans,261,2004-06-19,Action|Crime|Drama,7.2
4,Shelter,166,2006-02-19,Drama|Romance,2.5
5,Rocky Saga: Going the Distance,The,328,2020-11-08,Documentary,7.9
6,The Fool,231,1992-08-19,Drama,5.9
7,Love & Savagery,579,2009-11-17,Drama|Romance,1.8
8,Paranoia,477,1997-03-13,Drama|Thriller,3.2
9,Repulsion,533,1994-07-24,Drama|Horror,1.9
10,Brothers: The Return,109,1993-02-12,Crime|Drama|Thriller,9.0
11,Twice Upon a Time,732,1990-07-04,Animation|Fantasy,9.5
12,Detour,466,2014-03-08,Crime|Film-Noir,8.9
13,Luther the Geek,699,2008-04-26,Horror,4.5
16,Fifty Dead Men Walking,522,2010-10-21,Action|Drama|Thriller,9.1
17,Superhero Movie,714,2006-01-08,Action|Comedy|Sci-Fi,8.2
18,Fugly!,651,1990-12-16,Comedy,8.3
19,Humboldt County,785,1995-02-08,Comedy|Drama,1.6
20,Sign of Four,The,423,1995-04-05,Adventure|Crime|Drama,8.3
21,Living Free,720,2002-07-29,Adventure|Children|Drama,9.0
22,Forever Hardcore: The Documentary,699,2018-05-28,Documentary,6.4
23,Heaven Knows,Mr. Allison,98,2009-04-29,Drama|War,8.5
24,Whom the Gods Wish to Destroy ,274,1993-04-08,Adventure|Fantasy,8.2
25,21-87,246,2003-11-21,Documentary,4.4
26,Albino Alligator,797,1995-07-10,Crime|Thriller,7.6
27,Da Vinci Code,The,777,2021-11-11,Drama|Mystery|Thriller,1.4
28,Twilight of the Golds,The,544,2022-05-03,Drama,6.7
29,Puncture,311,2022-11-05,Drama,3.1
30,Vincere,562,1992-03-01,Drama|Romance,1.3
31,Gold Diggers of 1935,351,2000-11-02,Comedy|Musical,3.7
32,Feast at Midnight,A,314,2000-09-21,Children|Comedy|Drama,3.1
33,American Mary,69,2005-01-01,Horror|Thriller,4.7
34,Executive Action,680,1994-10-21,Crime|Drama,7.9
35,Magnum Force,167,2012-03-02,Action|Crime|Drama|Thriller,3.1
37,You,Me and Dupree,590,1991-10-13,Comedy,10.0
39,Miral,23,2005-01-31,Drama,3.2
43,Chef in Love,788,2022-10-26,Comedy|Romance,5.8
44,Black Field,383,1998-12-16,Drama|Romance,7.1
45,Trigun: Badlands Rumble,48,2011-04-07,Action|Animation|Sci-Fi|Western,3.7
46,Woman Obsessed,701,2013-08-15,Drama|Romance,8.2
48,Crowd,The,342,2007-10-05,Drama,5.9
50,Children of the Corn: Genesis,293,2007-01-07,Horror|Thriller,3.3
53,Undercover Blues,716,2000-02-27,Comedy|Crime,8.4
54,Young Girls of Rochefort,497,1998-10-06,Comedy|Musical|Romance,9.3
55,Honeymoon,485,2016-07-16,Comedy|Romance,1.1
56,Astro Boy,644,1992-08-14,Action|Animation|Children|Sci-Fi,5.9
57,Big Miracle,571,2003-07-29,Drama|Romance,4.8
58,Lost,The,122,2015-04-28,Thriller,4.0
59,Pirates of the Great Salt Lake,599,2006-10-11,Adventure|Comedy,3.4
60,Mission: Impossible II,394,2012-10-28,Action|Adventure|Thriller,7.7
61,Ten Commandments,The,451,1994-12-08,Adventure|Drama,8.9
62,Lost Son,The,567,2018-11-12,Drama,7.5
63,From Hell It Came,349,2011-11-19,Horror,8.6
64,Experimenter,14,2005-06-20,Drama,3.3
65,Remember the Day,595,2004-03-20,Drama|Romance|War,3.3
66,Men in Black III,532,1996-10-19,Action|Comedy|Sci-Fi|IMAX,2.4
67,Kozara,480,2014-03-13,Drama|War,9.6
68,Stepfather,The,217,1995-11-12,Horror|Thriller,8.5
69,Down in the Delta,778,1990-09-17,Drama,2.5
70,10 Rillington Place,40,1995-11-10,Crime|Drama|Thriller,3.3
71,Maidens in Uniform ,783,2008-10-05,Drama|Romance,3.4
72,Sparks,791,2005-02-18,Action|Fantasy|Mystery|Sci-Fi|Thriller,2.0
73,Ace of Aces ,90,2013-09-26,Adventure|Comedy,2.6
74,Infestation,594,1995-07-01,Action|Comedy|Sci-Fi,1.9
75,Trailer Park Boys: Countdown to Liquor Day,595,1991-09-02,Comedy|Crime,5.4
76,Scott Pilgrim vs. the World,53,1993-10-18,Action|Comedy|Fantasy|Musical|Romance,3.4
78,Fubar,348,1998-04-27,Comedy,8.3
79,Woman,The,4,2021-03-13,Horror,2.5
80,Hexed,223,2009-09-25,Comedy,1.6
82,Ex-Girlfriends,168,2019-09-09,Comedy|Drama,8.4
83,Jennifer''s Body,276,2000-11-15,Comedy|Horror|Sci-Fi|Thriller,2.2
84,Sisters,The,253,2001-06-17,Drama,8.2
86,Ripe,684,2017-12-01,Drama,3.3
87,Lethal Weapon 4,433,1996-09-05,Action|Comedy|Crime|Thriller,4.3
88,Welcome Farewell-Gutmann ,398,2013-04-04,Comedy|Drama,7.4
89,Last Passenger,322,2023-12-03,Action|Mystery|Thriller,8.1
90,Under the Bombs,87,2012-12-29,Drama|War,9.7
91,Dogma,694,2011-04-07,Adventure|Comedy|Fantasy,8.1
92,Emerald Cowboy,720,2012-02-05,Documentary|Drama,9.8
93,Tetsuo II: Body Hammer,454,2021-07-03,Horror|Sci-Fi,8.1
94,Order and Disorder,482,2019-03-19,Documentary,8.8
95,Pancho,the Millionaire Dog,104,2010-08-22,Children|Comedy,9.4
96,Hearts Divided,189,2023-03-17,Drama|Romance,6.6
97,The Stranger''s Return,333,1997-12-08,Comedy|Drama,7.6
98,Frankenweenie,596,2002-04-29,Animation|Comedy|Horror|IMAX,2.8
99,In a Town This Size,17,2013-02-14,Documentary,9.0
100,Night of the Demons,390,2006-11-27,Horror,4.5
101,Hebrew Hammer,The,330,1996-11-27,Comedy,5.0
102,LUV,509,2009-04-10,Drama,9.6
104,Scary Movie,546,2022-09-15,Comedy|Horror,8.0
107,Lookin'' to Get Out,691,1993-08-15,Comedy,1.6
108,God Who Wasn''t There,The,198,2020-06-01,Documentary,5.4
109,Suddenly,Last Summer,374,2003-06-20,Drama,1.4
110,Looker,636,1997-04-01,Drama|Horror|Sci-Fi|Thriller,1.8
111,Final Destination 3,226,1992-07-02,Horror|Mystery|Thriller,6.7
114,British Sounds,447,2021-04-05,Documentary,3.4
115,What A Man,439,2004-09-15,Comedy|Romance,4.9
116,Of Mice and Men,685,2004-03-21,Drama,6.8
117,Duck,You Sucker,698,2016-12-24,Action|Adventure|War|Western,7.8
118,Desire: The Vampire,662,1996-08-03,Crime|Horror|Thriller,2.5
119,Female Convict Scorpion: Jailhouse 41 ,102,1997-12-03,Crime|Drama|Thriller,9.9
120,Making the Grade,153,1996-01-12,Comedy,2.6
121,Dottie Gets Spanked,513,2009-09-17,Drama,6.0
122,Return of the Fly,746,2003-05-09,Horror|Sci-Fi,4.1
123,Life and Death of Peter Sellers,The,397,1998-11-29,Comedy|Drama,1.6
125,Soul Kitchen,650,2019-09-02,Comedy,9.5
126,Holokaustin värit,476,2000-04-10,Documentary|War,5.4
129,99 francs,178,2009-03-24,Comedy,5.7
130,Phineas and Ferb the Movie: Across the 2nd Dimension,328,2023-01-17,Adventure|Animation|Children,5.4
131,I Love Trouble,582,2024-05-26,Crime|Drama,2.8
132,Crips and Bloods: Made in America,395,1994-03-13,Documentary,4.9
134,21 Up,662,2004-07-14,Documentary,9.3
135,Rancho Notorious,249,2023-05-21,Drama|Western,1.2
136,Survivors,The,561,2001-05-24,Comedy,5.0
137,Love Simple,193,1999-05-21,Comedy|Romance,5.6
138,Dreamworlds II:,411,2008-07-05,Documentary,8.4
139,Sudden Fear,610,2015-11-08,Film-Noir|Horror|Thriller,9.9
141,Fitzwilly,61,1993-09-26,Comedy|Romance,4.1
142,Middle Men,265,2021-03-30,Comedy|Crime|Drama,8.3
143,Soldier''s Story,A,22,2010-10-05,Drama,4.5
144,Paid,211,1992-02-23,Crime|Drama|Film-Noir,4.3
145,Night of the Following Day,The,102,1991-04-26,Crime|Drama,9.5
146,Friday the 13th Part IV: The Final Chapter,356,2022-01-31,Horror,4.6
147,Best Laid Plans,782,2003-02-18,Crime|Drama,9.5
148,Order of Myths,The,5,2018-08-10,Documentary,3.5
149,Poor Boy''s Game,267,2007-01-23,Drama,3.3
150,Proxy,493,2012-07-22,Drama|Horror|Thriller,2.6
151,Black Christmas,458,2006-09-13,Horror|Mystery|Thriller,8.1
153,Repo Men,156,1996-10-07,Action|Sci-Fi|Thriller,5.0
154,Paleface,The,666,2003-04-03,Comedy|Western,7.1
155,Vinyan,48,2022-04-19,Drama|Horror|Thriller,9.2
156,Girls in Prison,741,1990-06-14,Crime|Drama|Thriller,7.0
157,Cimarron,688,2007-12-02,Drama|Western,4.5
158,Kiwi!,402,2021-11-13,Action|Animation,7.8
159,Joan of Paris,359,2022-06-15,Drama|Romance|War,5.9
160,Tremors 4: The Legend Begins,332,2016-02-05,Action|Comedy|Horror|Sci-Fi|Thriller|Western,7.2
162,The Bronze,106,2015-10-09,Comedy|Drama,6.9
164,Running on Empty,7,1992-12-26,Drama,6.4
165,Escape Artist,The,341,2011-08-18,Drama,5.0
166,Somers Town,233,2007-12-12,Drama,9.6
167,Harvest/La Cosecha,The,619,1996-07-12,Documentary,6.8
168,Time for Killing,A,782,1993-10-20,Western,1.2
169,Torrente 4: Lethal Crisis,791,1994-07-11,Action|Comedy|Crime,6.6
170,Letter,The,680,2009-08-27,Drama,8.8
171,Charge of the Light Brigade,445,2007-06-30,Action|Adventure|Romance|War,8.3
172,Car Wash,531,1995-07-30,Comedy,7.3
173,Earth to Echo,688,2001-12-27,Adventure|Children|Sci-Fi,4.1
174,Exit,158,2011-08-06,Drama|Mystery|Thriller,7.2
175,Wishmaster 2: Evil Never Dies,384,1997-09-12,Fantasy|Horror,6.8
176,My Father and the Man in Black,615,2011-01-24,Documentary,2.3
177,Look Both Ways,228,2023-02-11,Drama|Romance,9.4
178,Hollywood Complex,The,603,1996-01-22,Documentary,7.7
179,Savages,The,405,1995-08-13,Comedy|Drama,2.8
180,Formula,The,431,2018-02-24,Thriller,6.5
181,Deadly Tower,The,246,1991-11-23,Action|Drama|Thriller,7.0
182,White Material,733,2019-02-20,Drama|Mystery|Thriller|War,9.7
186,Bat People,The,751,2020-08-07,Comedy|Drama|Horror|Sci-Fi,6.6
187,Mean Machine,539,1999-11-13,Comedy|Drama,7.2
188,Amityville Horror,The,479,1990-10-05,Drama|Horror|Mystery|Thriller,7.5
189,All the Young Men,110,2024-10-15,Drama|War,2.8
190,Boy Friend,The,221,2005-09-04,Comedy|Musical|Romance,9.4
191,8:46,784,2005-01-23,Drama,7.9
193,Fright Night 2: New Blood,56,2006-10-10,Horror,7.1
194,Inseparable,153,2008-09-27,Comedy|Drama|Mystery|Thriller,1.9
195,Nevada Smith,582,2016-12-20,Western,5.3
196,Mindwarp,382,1990-07-31,Horror|Sci-Fi|Thriller,7.3
197,Caesar and Cleopatra,793,2012-02-05,Comedy|Drama|War,3.1
198,Claymation Christmas Celebration,643,1993-08-21,Animation|Children|Comedy|Musical,7.8
199,Bridesmaids,730,2010-10-17,Comedy,4.3
201,Hoffa,704,2009-05-14,Crime|Drama,6.6
202,Panic Room,509,1994-10-18,Thriller,5.5
203,Birds,The,486,2019-01-17,Horror|Thriller,2.4
205,Lord Love a Duck,159,2013-08-18,Comedy,9.1
206,Defiance,263,1998-10-22,Drama|Thriller|War,5.8
208,Stop! Or My Mom Will Shoot,627,2009-05-21,Action|Comedy,8.3
209,Don,238,2023-05-17,Action|Comedy|Crime|Drama|Musical|Thriller,4.9
210,Class Action,512,2023-05-19,Drama,4.0
211,Rundown,The,79,1998-01-28,Action|Adventure|Comedy,9.2
212,Oh,God! You Devil,587,2019-01-14,Comedy,1.3
213,Big Street,The,479,2007-05-05,Drama|Romance,2.5
214,Spy Who Came in from the Cold,The,207,1991-08-02,Drama|Thriller,7.5
215,Kidnapping,Caucasian Style,310,2006-12-17,Comedy|Romance,8.7
216,Flight,110,1996-09-09,Drama,5.0
217,Hell House,412,2000-10-01,Documentary,9.0
218,Adventures of the Wilderness Family,632,2011-08-14,Adventure|Children|Drama,7.0
220,Solo,276,1998-05-29,Action|Sci-Fi|Thriller,7.6
221,Kiki''s Delivery Service ,692,2012-06-18,Adventure|Animation|Children|Drama|Fantasy,9.7
223,Orwell Rolls in His Grave,96,2017-05-09,Documentary,9.2
224,You''ve Been Trumped,603,2007-03-11,Documentary,3.0
225,Kremlin Letter,The,304,2024-12-10,Drama|Thriller,4.4
226,Half Moon Street,127,1992-10-19,Drama|Thriller,1.2
227,Last Drop,The,39,1992-07-19,Action|Adventure|Crime|War,8.4
228,Whisky Galore,404,2024-01-27,Comedy|Crime,1.8
229,Circle of Eight,299,2025-04-07,Horror|Mystery,9.1
230,Milwaukee,Minnesota,283,1995-08-30,Drama,2.6
231,Like Father,Like Son,97,2014-06-16,Comedy,7.3
232,The Sky Dragon,447,2014-01-22,Adventure|Comedy|Crime|Mystery|Thriller,8.2
233,Evil That Men Do,The,732,2012-05-02,Action|Thriller,2.7
234,Corto Maltese: The Guilded House of Samarkand,199,2011-09-20,Adventure|Animation|Drama|Romance,4.2
235,As You Like It,114,1994-09-16,Comedy|Drama|Romance,2.2
236,Loft,218,2005-06-04,Comedy|Thriller,7.0
237,Executive Protection ,709,2006-04-21,Action|Thriller,8.7
238,Brideshead Revisited,493,2002-12-23,Drama,1.1
240,Iceman,23,1995-12-13,Action|Comedy|Sci-Fi,8.9
241,City Heat,674,2014-10-25,Action|Comedy,9.0
242,Mermaids,751,1992-01-14,Comedy|Drama|Romance,6.5
243,Mouchette,697,2018-10-17,Drama,5.8
244,Neon Bible,The,384,1995-12-13,Drama,5.0
245,Flight of the Phoenix,The,249,2006-04-10,Action|Adventure|Drama,3.1
246,Junior Bonner,725,1994-09-10,Comedy|Drama|Western,6.4
247,How 2 Build a Rapper,529,2006-11-11,Comedy,7.6
248,My Baby''s Daddy,738,2021-10-28,Comedy,1.2
249,Katyn,561,2011-01-13,Drama|War,3.0
251,Midnight Clear,187,2015-05-30,Drama,2.4
252,Cheerful Weather for the Wedding,43,2012-02-09,Comedy|Drama,3.5
253,Stromberg - Der Film,61,1992-09-14,Comedy,4.4
254,Second in Command,474,1999-11-03,Action|Thriller,4.9
255,Bones Brigade: An Autobiography,665,2023-10-08,Documentary,4.1
256,All Together,760,2020-10-12,Comedy|Drama,4.2
257,Pajama Game,The,699,2010-06-24,Comedy|Musical|Romance,8.7
258,Billy Bathgate,603,2004-10-01,Crime|Drama,4.5
259,Ghost World,388,2015-01-12,Comedy|Drama,6.5
261,The Sea Vultures,139,1990-10-11,Drama,5.9
262,All In This Tea,704,2018-01-13,Documentary,7.3
263,Broken Trail,540,1995-04-11,Action|Adventure|Crime|Drama|Western,5.2
264,Berserk: The Golden Age Arc 3 - Descent,568,2023-03-15,Action|Animation|Fantasy,5.4
265,Jesse James,513,2011-11-21,Action|Crime|Drama|Romance|Western,2.4
266,Flamingo Road,287,1996-12-26,Drama|Romance,7.1
267,Shuttle,25,2007-07-17,Crime|Drama|Horror|Thriller,8.7
268,Tinker Bell and the Lost Treasure,537,1994-09-23,Adventure|Animation|Children|Fantasy,1.8
269,True Grit,258,2010-06-13,Adventure|Drama|Western,6.1
272,Adventures of Pinocchio,The,28,2014-06-13,Adventure|Children,6.1
273,Desert of Forbidden Art,The,614,1997-09-16,Adventure|Documentary|Drama|War,3.7
274,Thesis on a Homicide,664,2011-01-22,Crime|Mystery|Thriller,2.4
275,Smokin'' Aces,67,2019-10-20,Action|Crime|Drama|Thriller,7.6
276,For Ever Mozart,628,2023-03-25,Drama,5.1
278,Old Lady Who Walked in the Sea,247,1997-01-19,Comedy,5.6
280,Flaming Creatures,465,2007-11-15,Drama,4.5
282,B*A*P*S,763,2017-09-27,Comedy,3.0
283,My Girl,665,2010-07-26,Comedy|Drama|Romance,3.1
284,Happy Tears,687,2012-08-03,Comedy|Drama,5.4
285,Patton Oswalt: Werewolves and Lollipops,63,2013-11-23,Comedy,7.8
287,Seeker: The Dark Is Rising,730,2001-04-03,Action|Adventure|Drama|Fantasy,5.5
288,Black Nativity,689,2017-02-25,Drama|Musical,9.5
289,Magnificent Obsession,467,2016-07-26,Drama|Romance,8.6
291,Boys,Les,366,2009-08-12,Comedy,2.1
292,Thank You a Lot,180,2002-10-01,Drama,6.2
294,Forest Warrior,238,2014-10-03,Action|Adventure|Comedy|Western,5.2
297,Inside Llewyn Davis,670,2000-01-09,Drama,9.8
298,Radio Free Albemuth,404,2014-10-15,Drama|Sci-Fi,2.9
299,Adventures of Mary-Kate and Ashley,175,1996-08-31,Children|Musical|Mystery,2.4
300,Murder at the Gallop,28,2016-10-20,Comedy|Crime|Drama|Mystery|Thriller,8.2
301,Cockpit,777,1995-06-06,Comedy,10.0
302,Hunter,The,340,2015-02-25,Drama,4.7
304,Prince of the City,374,2011-03-04,Drama,9.8
305,Torrente 5: Operación Eurovegas,273,1994-08-21,Action|Comedy,5.4
306,My Führer,44,1997-02-22,Comedy|Drama|War,8.0
308,Prince of Persia: The Sands of Time,151,2002-09-24,Action|Adventure|Fantasy|Romance,5.4
309,Hero at Large,640,2006-01-12,Comedy,1.2
310,No Man''s Land,204,2018-12-28,Drama|War,7.0
311,Back to the Garden,Flower Power Comes Full Circle,679,2018-11-15,Documentary,5.8
312,Littlerock,190,2021-01-07,Drama,2.0
314,Wrong Arm of the Law,The,545,2024-11-23,Comedy|Crime,8.3
316,Hair,763,1995-12-07,Comedy|Drama|Musical,8.1
317,Dracula: Pages from a Virgin''s Diary,130,1997-04-28,Horror|Mystery,1.9
318,2:13,180,2006-04-12,Horror|Thriller,6.8
319,Not Quite Hollywood,415,2022-01-19,Documentary,9.1
320,Iron Man: Rise Of Technovore,391,2023-07-16,Animation,9.3
321,Klute,127,2001-09-08,Drama|Mystery,2.9
322,Operation Daybreak,431,2003-04-08,War,5.2
323,Across the Hall,532,2014-05-11,Thriller,9.6
324,Come Dance with Me!,645,2022-09-24,Crime|Drama|Mystery,9.8
325,Mr. Baseball,743,2000-12-19,Comedy|Romance,5.1
326,Comancheros,The,576,2019-03-31,Action|Adventure|Drama|Romance,3.4
329,Zu: Warriors from the Magic Mountain ,629,1998-01-07,Action|Adventure|Fantasy|Horror,1.4
330,Glass Slipper,The,766,2000-01-23,Musical|Romance,4.2
331,Blood & Donuts,538,2006-01-23,Comedy|Horror,1.9
332,Shaggy Dog,The,207,2008-08-18,Adventure|Children|Comedy|Fantasy,6.2
333,Decade Under the Influence,A,199,2013-08-17,Documentary,3.3
334,Sound of the Mountain ,203,2000-02-28,Drama,4.9
335,Bitch Slap,250,2003-12-05,Action|Comedy|Crime|Thriller,2.8
336,Ricky Gervais: Out of England - The Stand-Up Special,235,2011-09-28,Comedy,2.3
337,Marmaduke,687,1995-06-09,Comedy,8.2
340,Tortured,462,2014-05-03,Crime|Thriller,3.2
341,Amityville II: The Possession,225,1993-07-21,Horror,2.6
342,Blue Lagoon,The,359,1996-01-20,Adventure|Drama|Romance,6.1
343,Herman''s House,391,1991-03-09,Crime|Documentary,1.8
344,North Country,657,1996-05-24,Drama,8.9
346,This Girl''s Life,505,1991-02-23,Drama,2.4
347,Texas Chainsaw Massacre,The,214,2005-09-20,Horror,1.6
348,Lucky Star,603,1996-02-01,Drama|Romance,5.2
349,Blood Out,750,2016-03-07,Action,3.4
350,Beethoven''s 3rd,87,2009-06-21,Children|Comedy,8.1
351,Frequency,737,2019-09-26,Drama|Thriller,6.8
352,Crackerjack,591,2014-06-18,Action,1.4
353,A One-Way Trip to Antibes,784,2008-05-14,Drama,2.6
355,Dangerous Ground,451,2024-06-23,Drama,3.2
356,The Last Shark,596,2015-04-04,Adventure|Horror|Thriller,7.7
357,Of Unknown Origin,624,2004-08-23,Horror,3.5
358,Looker,692,2008-07-27,Drama|Horror|Sci-Fi|Thriller,9.7
359,No One Lives,307,2018-02-14,Horror|Thriller,1.9
360,World''s Greatest Athlete,The,204,1999-09-20,Comedy|Romance,3.3
361,Disco Godfather,219,2022-06-25,Action|Crime|Drama,4.7
362,House of Wax,452,1997-10-24,Horror|Thriller,9.7
363,Topper Takes a Trip,771,2016-06-25,Comedy|Fantasy|Romance,7.9
364,Ninotchka,532,1998-10-02,Comedy|Romance,9.0
365,Yearling,The,499,1994-04-22,Children|Drama,2.5
366,Takers,637,2025-03-20,Action|Crime|Thriller,1.6
367,Waterdance,The,27,2005-10-03,Drama,5.3
368,Berlin Alexanderplatz,83,2002-02-23,Drama,4.0
369,Demetrius and the Gladiators,174,2011-09-29,Drama,9.9
370,Benji the Hunted,624,2021-11-02,Adventure|Children,5.9
372,Everybody Dies But Me,476,2000-03-20,Drama,1.3
373,Captain Phillips,225,2020-07-16,Adventure|Drama|Thriller|IMAX,5.9
374,Hamiltons,The,17,1991-09-30,Drama|Horror|Thriller,4.6
376,Bart Got a Room,426,2003-03-13,Comedy|Romance,9.7
377,Illusion Of Blood,562,2010-07-25,Fantasy|Horror,8.7
379,Officer and a Gentleman,An,603,1995-12-23,Drama|Romance,6.5
380,Emperor,520,2021-01-25,Drama|War,6.8
381,Human Desire,32,2000-08-16,Drama|Film-Noir,4.1
382,Fantasma,142,2015-11-25,Drama,2.0
383,Adventures of Arsène Lupin,,660,2015-09-01,Crime|Mystery,2.3
385,Dark Tide,121,2002-02-23,Adventure|Drama|Thriller,7.4
386,Panic Button,521,2013-05-02,Horror|Thriller,6.5
388,Ali Baba Goes to Town,512,2015-03-13,Comedy|Fantasy|Musical,7.7
389,Iran Is Not the Problem,307,1998-10-07,Documentary,2.5
392,Rosetta,737,1990-12-22,Drama,7.8
393,He Got Game,423,2011-04-12,Drama,1.0
394,Royal Wedding,757,2000-05-09,Comedy|Musical|Romance,1.2
395,Cranford,66,2013-07-23,Drama,9.9
396,Bank Dick,The,333,1992-11-27,Comedy,2.3
397,Sam''s Song,351,2024-06-08,Drama,5.5
398,Pepi,Luci,Bom ,197,2007-02-01,Comedy,6.4
399,Dead End,695,2010-09-21,Crime|Drama,4.5
400,Dark City,283,2014-02-21,Crime|Drama|Film-Noir|Mystery,8.5
401,George Lopez: Tall,Dark & Chicano,369,2018-02-06,Comedy,5.6
402,It''s a Wonderful Afterlife,300,2018-08-31,Comedy|Drama|Horror|Romance,2.9
403,Lorna,464,2002-09-18,Drama,7.6
404,I Walk the Line,663,2010-02-23,Drama,1.7
405,Radioland Murders,597,2021-11-15,Comedy|Mystery|Romance,5.4
406,Hideaway,215,2017-04-24,Drama,2.2
409,Letting Go of God,768,2006-01-04,Comedy|Documentary,7.2
410,Two Night Stand,322,2007-06-24,Comedy|Romance,9.4
411,Marjoe,455,2009-05-20,Documentary,4.6
412,Fool There Was,A,755,2000-12-23,Drama,6.9
414,Life Apart: Hasidism in America,A,184,2002-06-24,Documentary,2.3
415,Danny Deckchair,354,2016-08-12,Comedy|Romance,4.0
416,One,Two,Three,129,1990-09-03,Comedy,2.9
417,Repossessed,670,1995-09-22,Comedy,5.2
418,Child''s Play 3,505,2015-07-04,Comedy|Horror|Thriller,6.6
419,Shepherd: Border Patrol,The,268,2003-02-07,Action|Crime|Thriller,9.9
420,Bound by Honor ,176,1995-09-18,Action|Crime|Drama|Thriller,4.3
421,Les modèles de ''Pickpocket,342,2006-12-09,Documentary,8.5
422,Violette,163,2021-04-09,Drama,7.7
423,12 Dogs of Christmas,The,486,2006-11-19,Children,6.8
424,My Baby''s Daddy,103,2025-02-26,Comedy,2.7
426,Killing Floor,The,460,2005-09-27,Crime|Horror|Mystery,3.5
427,More the Merrier,The,284,2004-02-27,Comedy|Romance,3.8
428,God''s Country,64,1990-07-14,Documentary,5.2
429,Taking of Pelham 1 2 3,The,258,2021-08-20,Crime|Drama|Thriller,4.8
430,Hot Chick,The,88,2000-12-28,Comedy,8.0
431,Kiki,406,1993-05-24,Musical,7.0
432,Shawshank Redemption,The,363,1990-10-12,Crime|Drama,1.9
433,Paragraph 175,725,2014-01-25,Documentary,2.8
434,Phantom of the Megaplex,688,1995-04-13,Action|Children|Comedy|Mystery,8.7
435,Sasquatch: The Legend of Bigfoot,244,2009-11-04,Adventure|Mystery,5.3
436,12 Angry Men,522,2009-11-20,Crime|Drama,5.9
438,Kung Pow: Enter the Fist,513,1998-07-05,Action|Comedy,3.4
439,Creator,107,2022-12-28,Comedy|Drama|Romance,5.7
440,Miss Bala,339,1998-09-26,Action|Adventure|Drama|Thriller,9.9
441,Hello Ladies: The Movie,579,2019-10-18,Comedy,5.6
444,The Princess Comes Across,131,1997-12-16,Comedy|Mystery|Romance|Thriller,6.2
445,3:10 to Yuma,156,2022-03-29,Action|Crime|Drama|Western,2.4
446,Ipcress File,The,509,2020-11-09,Thriller,4.0
447,Cecil B. DeMented,402,2020-11-06,Comedy,3.2
448,Superweib,Das,796,2009-08-20,Comedy,5.6
449,Szamanka,507,2010-08-22,Drama|Horror|Mystery,4.3
450,Buster,4,2018-05-17,Comedy|Crime,3.9
451,Carry on Screaming!,573,2003-02-12,Comedy|Horror,1.5
452,Cremaster 2,122,2014-12-08,Drama,7.7
453,This Is England,52,2007-12-15,Drama,5.1
454,Animated Motion: Part 5,257,2013-02-03,Animation|Documentary,5.6
455,Black Butterflies,144,2021-08-09,Drama,3.9
456,Nomads,769,2021-07-17,Horror|Mystery|Thriller,2.7
457,Street with No Name,The,526,2012-12-13,Crime|Drama|Film-Noir|Thriller,1.4
458,Trouble in Mind,206,2020-09-28,Crime|Drama,4.7
459,Forsyte Saga,The,709,2007-12-01,Drama,7.7
460,Belle comme la femme d''un autre,573,1999-03-25,Comedy,5.1
461,Jerry Maguire,126,2003-01-10,Drama|Romance,9.5
462,Long Hello and Short Goodbye,633,2023-03-23,Comedy|Thriller,5.4
463,In Which We Serve,640,2017-01-21,Drama|War,2.0
464,Savages,The,788,2001-01-14,Comedy|Drama,3.8
465,13 Tzameti,430,2012-08-23,Film-Noir|Thriller,4.5
467,In Love and War,125,2003-08-08,Romance|War,4.6
468,Monsieur Verdoux,70,1993-07-10,Comedy|Crime,8.5
469,Electrick Children,212,2007-09-09,Drama,1.4
471,Jennifer''s Body,259,1994-03-22,Comedy|Horror|Sci-Fi|Thriller,9.5
472,Toi et Moi,603,1995-12-04,Comedy|Drama|Romance,2.9
473,Munger Road,693,2011-06-14,Horror|Mystery|Thriller,1.1
474,Little Shop of Horrors,The,359,1991-10-24,Comedy|Horror,5.5
475,In This World,489,2015-07-06,Adventure|Drama,9.8
476,Win Win,88,1993-07-08,Comedy|Drama,7.3
477,Private School,465,2014-08-09,Comedy,3.8
479,Atomic Cafe,The,358,2010-11-24,Documentary|War,2.4
480,World According to Dick Cheney,The ,730,2018-05-12,Documentary,1.2
481,Haunted World of Edward D. Wood Jr.,The,744,2001-02-21,Documentary,6.0
482,Grand Theft Parsons,28,2021-08-03,Comedy|Drama,5.9
484,The Wayward Girl,26,2009-07-20,Drama,9.6
485,41,654,1999-12-03,Documentary,6.2
487,October Baby,508,2004-02-02,Drama,6.2
488,Black Cat,The,182,1999-12-09,Adventure|Crime|Horror|Thriller,8.5
489,Edward II,137,2009-10-14,Drama,7.7
490,Killers,The,227,1990-06-21,Action|Crime|Drama|Film-Noir|Thriller,7.2
491,Sword in the Stone,The,302,2015-04-01,Animation|Children|Fantasy|Musical,9.3
492,Vamp,526,2012-05-03,Comedy|Horror,3.6
493,Consenting Adults,65,2002-03-07,Thriller,7.1
495,Life of Reilly,The,652,2023-12-25,Comedy,10.0
496,Raincoat,385,2008-08-01,Drama|Romance,3.7
498,Metropia,166,2012-05-19,Animation|Sci-Fi,8.6
499,No Good Deed,122,1991-04-20,Thriller,7.6
500,Steak,346,2018-08-28,Comedy,4.0
501,Hide and Seek,687,2005-12-31,Horror|Mystery|Thriller,1.3
502,Places in the Heart,521,2007-09-23,Drama,5.4
503,Black Room,The,356,1994-11-06,Crime|Horror|Thriller,5.3
504,Charlie Bartlett,610,2018-08-08,Comedy|Drama,8.6
506,Tormento,180,2006-03-26,Drama,4.2
507,Laws of Gravity,616,2021-03-21,Drama,9.9
508,Campus Radio,54,1992-09-17,Comedy|Drama,9.4
510,Twin Town,791,2003-08-11,Comedy|Crime,2.6
512,Sweet Hearts Dance,87,2022-09-27,Drama,3.5
513,Song of the Sea,456,2015-07-17,Animation|Children|Fantasy,7.6
515,Lulu in Berlin,211,1990-08-20,Documentary,7.1
516,Salvage,369,2023-05-02,Horror,5.9
517,Cold Mountain,504,2002-11-30,Drama|Romance|War,8.1
518,3 Ring Circus,513,1992-01-02,Comedy,8.9
520,Deep Rising,317,2020-02-11,Action|Horror|Sci-Fi,3.8
521,Sleuth,770,2020-11-24,Comedy|Mystery|Thriller,2.5
522,Divine Horsemen: The Living Gods of Haiti,273,2024-09-22,Documentary,9.2
523,Hands Across the Table,544,1999-08-04,Comedy|Romance,8.3
524,Invasion,The,41,2022-02-18,Action|Drama|Horror|Sci-Fi|Thriller,1.2
525,What Lies Beneath,643,2012-05-20,Drama|Horror|Mystery,9.1
526,Carpool,574,2000-02-06,Comedy|Crime,8.8
527,Never Talk to Strangers,20,2025-04-17,Crime|Drama|Romance|Thriller,1.2
528,Trouble in Mind,28,2023-08-12,Crime|Drama,7.4
530,Shoot ''Em Up,298,2018-07-27,Action|Comedy|Crime,3.6
531,Lewis Black: Stark Raving Black,229,2019-02-23,Comedy,6.9
532,24 Hour Party People,657,1992-05-28,Comedy|Drama|Musical,6.1
533,Two Women,396,2013-06-16,Drama,2.7
536,Necessities of Life,86,2011-02-13,Drama,4.7
537,Broken Vessels,330,2007-09-07,Drama,4.5
538,Extracted,29,2018-07-22,Drama|Sci-Fi,9.7
539,Wrong Arm of the Law,The,313,2019-10-18,Comedy|Crime,3.7
540,Sin City: A Dame to Kill For,678,2008-12-26,Action|Crime|Thriller,6.3
541,That''s Entertainment,326,2020-10-11,Documentary,8.0
542,Boris and Natasha,415,2000-05-28,Action|Comedy,7.7
543,Emergency Escape,306,2020-01-01,Comedy,2.4
544,Head Above Water,735,2015-05-03,Comedy|Thriller,6.8
545,Godspeed,72,2003-12-24,Drama|Horror|Thriller,2.6
546,Betty,562,1993-07-13,Drama,9.4
547,Endless Love,722,2025-04-11,Drama|Romance,6.6
548,In the Good Old Summertime,349,2004-10-26,Musical,3.6
550,Perez.,416,1997-12-27,Crime|Drama|Thriller,7.9
552,May in the Summer,101,2014-01-05,Comedy|Drama,7.7
553,Measuring the World ,220,2015-09-03,Adventure|Drama,1.5
555,Tyler Perry''s Meet the Browns,260,2004-10-05,Comedy|Drama|Romance,6.1
556,Hangar 18,124,2003-04-17,Action|Sci-Fi|Thriller,3.3
557,You''re Next,241,2004-03-03,Horror|Thriller,3.8
558,Hijacking Catastrophe: 9/11,305,1999-04-05,Documentary,4.5
559,Carriers,332,2013-10-12,Drama|Horror|Thriller,3.5
560,Charlie Chan in Shanghai,111,1990-10-13,Comedy|Crime|Mystery|Thriller,1.1
561,Very British Gangster,A,75,2016-06-25,Crime|Documentary,9.7
562,Something Wild,335,1998-02-20,Drama,1.3
563,Emmet Otter''s Jug-Band Christmas,583,2024-09-08,Children|Comedy|Drama|Musical,2.7
564,What the #$*! Do We Know!? ,265,2003-09-19,Comedy|Documentary|Drama,8.9
565,Born to Kill,1,2017-07-16,Crime|Drama|Film-Noir,3.2
566,Taking of Power by Louis XIV,244,1997-09-13,Drama,1.9
567,Getting Back to Abnormal,491,2001-07-06,Documentary,8.1
568,Go Tell the Spartans,42,1992-05-12,Drama|War,5.4
569,Angel Dog,240,2017-02-17,Children|Drama,8.2
570,Deep Rising,725,2001-04-07,Action|Horror|Sci-Fi,2.5
572,Somers Town,509,1999-09-16,Drama,7.3
573,Night Crossing,256,2004-06-21,Drama,3.2
574,Lady Be Good,40,1991-04-10,Comedy|Musical,3.7
575,Kiss,The,586,2001-08-05,Drama|Romance,8.5
576,3 Worlds of Gulliver,The,489,2007-05-20,Adventure|Fantasy,7.9
577,Zero Day,219,2011-08-22,Drama,7.2
580,Avalanche,503,2013-01-31,Action,6.4
582,Adventures of Mark Twain,The,142,2022-12-29,Adventure|Drama,5.8
583,Bogus,371,2002-02-14,Children|Drama|Fantasy,9.5
586,3 Godfathers,710,1996-06-03,Drama|Western,6.3
587,Hell''s Gate 11:11,335,1993-04-01,Horror|Thriller,9.0
588,Starstruck,722,2018-04-03,Comedy|Musical,2.9
594,Jacques Brel Is Alive and Well and Living in Paris,191,1990-07-07,Musical,3.9
595,Essential Killing,329,1991-10-06,Thriller|War,1.7
596,Shining Night: A Portrait of Composer Morten Lauridsen,4,2017-11-25,Documentary,8.3
597,American Werewolf in Paris,An,382,2018-09-03,Comedy|Horror|Romance|Thriller,4.7
599,Snow White,746,2019-11-05,Fantasy|Romance,7.2
600,How to Survive a Plague,442,2022-02-15,Documentary,9.3
601,Jack Strong,408,2020-10-25,Action|Crime|Thriller,7.4
603,Clean and Sober,552,2022-10-15,Drama,8.4
604,Polskie gówno,351,2014-09-09,Comedy|Musical,7.5
606,RiP: A Remix Manifesto,139,2015-05-08,Documentary,4.9
607,Life of Emile Zola,The,512,2019-10-14,Drama,3.0
608,In the Edges: The ''Grizzly Man'' Session ,205,2021-01-11,Documentary,7.9
610,Tormented,397,2012-04-27,Comedy|Horror,2.4
612,Yellow Handkerchief,The,122,2006-02-08,Drama|Romance,2.2
613,Riffraff,368,2011-05-12,Crime|Drama,8.9
614,Flying Deuces,The,462,1994-06-17,Comedy,7.3
615,All''s Well,330,2024-07-15,Drama,1.1
616,Some Body,763,2011-06-19,Drama,5.8
617,Topo,El,199,2017-10-02,Fantasy|Western,10.0
619,Queen Sized,418,1994-07-10,Comedy|Drama,8.6
620,Mega Piranha,735,2004-05-30,Action|Adventure|Horror|Sci-Fi,2.4
621,Tribes,139,2013-01-24,Drama,6.5
623,Sharknado 2: The Second One,300,1999-07-17,Horror|Sci-Fi|Thriller,6.7
624,Little Caesar,308,2006-03-09,Crime|Drama,9.5
625,Summer Days With Coo,502,1999-01-13,Animation,2.2
626,Little Monsters,66,2016-06-16,Comedy,6.4
627,In the Line of Fire,569,1996-08-19,Action|Thriller,3.5
628,Lesbian Vampire Killers,616,1994-04-22,Action|Comedy|Horror,3.8
629,The Fuller Brush Girl,108,2007-11-13,Comedy,2.1
630,Hidden,The,272,2022-12-07,Action|Horror|Sci-Fi,3.1
631,Big Daddy,646,2016-10-21,Comedy,2.3
632,Halloween,5,2024-06-19,Horror,2.4
633,Boy Meets Girl,512,2023-05-30,Comedy|Romance,1.5
634,Watcher,The,28,2010-10-22,Crime|Thriller,3.4
635,Short Eyes,243,2010-06-25,Drama,8.5
636,Flat,The,781,2015-03-30,Documentary,4.4
637,City of Lost Children,62,2006-01-15,Adventure|Drama|Fantasy|Mystery|Sci-Fi,5.1
638,Justice League: Throne of Atlantis,153,2009-07-23,Action|Animation,8.0
639,Broken,798,2008-06-28,Horror|Thriller,5.7
640,Dr. Giggles,677,2002-04-01,Comedy|Horror,2.8
641,Epic Movie,130,1990-12-03,Adventure|Comedy,9.4
642,Tortured,The,62,2020-09-24,Horror|Thriller,4.5
643,Orphans,796,2015-02-22,Comedy|Drama,5.0
644,Hot Rod,630,2003-07-16,Comedy,2.0
645,Vampyr,194,2003-08-20,Fantasy|Horror,7.4
646,Flypaper,168,2002-01-04,Comedy|Crime,7.7
647,In the Soup,490,2009-09-16,Comedy|Drama,6.5
649,36th Chamber of Shaolin,681,2018-05-30,Action|Adventure,3.4
650,711 Ocean Drive,541,1999-07-12,Crime|Drama|Film-Noir|Thriller,6.6
651,Ghost in the Shell 2,769,2008-12-04,Action|Animation|Drama|Sci-Fi|Thriller,4.1
652,The Inhabited Island,434,2001-11-08,Fantasy|Sci-Fi,6.6
654,It''s a Small World,661,2020-09-19,Comedy,9.9
655,Bill & Ted''s Bogus Journey,352,2000-07-15,Adventure|Comedy|Fantasy|Sci-Fi,4.4
656,Speedy,246,2019-01-07,Action|Comedy,7.7
657,Crips and Bloods: Made in America,352,2015-07-13,Documentary,4.5
658,Oranges,673,2018-02-02,Drama,9.1
659,Stan Helsing,733,2020-07-23,Comedy|Horror,1.7
660,Daybreak,235,1996-12-07,Action|Drama|Romance|Sci-Fi,4.6
661,Suicide Room,476,1997-05-11,Drama|Thriller,2.8
662,Raid,332,1997-05-18,Action|Crime|Drama|Thriller,5.9
663,The Sinners of Hell,566,2023-08-03,Drama|Horror,8.5
664,Guilty Hearts,433,1999-07-04,Drama,2.1
665,Savage Innocents,The,509,2004-11-09,Adventure|Crime|Drama,1.8
668,Forks Over Knives,286,2008-11-13,Documentary,3.0
670,Six Weeks,204,2001-05-04,Drama,7.8
671,Tank,73,1998-03-21,Action|Comedy|Drama,1.3
672,Man''s Castle,307,2017-11-11,Drama|Romance,3.5
673,Cherish,579,2011-01-25,Comedy|Drama|Thriller,6.0
675,Talking About Sex,800,1990-04-21,Comedy|Drama,8.8
676,Creature Comforts,678,2003-01-09,Animation|Comedy,6.3
677,Salmon Fishing in the Yemen,451,2016-07-30,Comedy|Drama|Romance,1.0
678,Belle,199,2023-02-10,Drama,3.1
679,Equinox,203,2007-02-18,Drama|Mystery|Thriller,9.0
680,Dragon Ball Z: Bojack Unbound ,76,1990-07-06,Action|Adventure|Animation|Fantasy,7.2
681,Patton Oswalt: Tragedy Plus Comedy Equals Time,423,2020-08-07,Comedy,5.7
682,Verdict,The,358,2000-11-10,Crime|Drama|Film-Noir|Mystery|Thriller,5.3
683,Open Range,744,2006-12-16,Western,1.7
685,Big Pun: The Legacy,116,1994-08-31,Documentary,2.3
687,But Forever in My Mind,649,2024-11-02,Comedy|Drama,3.4
688,Sokkotanssi,485,2006-07-05,Comedy|Drama,2.7
689,Nico Icon,613,2011-02-20,Documentary,3.7
690,City of Industry,728,1993-09-30,Crime|Thriller,2.4
691,Vacancy,657,2019-07-10,Horror|Thriller,2.2
692,Vääpeli Körmy ja kahtesti laukeava,606,2019-10-12,Comedy|War,4.6
693,Secret of the Grain,1,2014-05-05,Drama,7.3
694,Ghost Machine,160,1998-12-13,Action|Sci-Fi|Thriller,9.9
695,Vares: The Path of the Righteous Men ,558,2010-03-14,Crime|Drama,2.0
696,High School,368,2024-05-23,Comedy,1.1
697,Professor Beware,27,2012-12-13,Comedy,4.1
698,Secret Society,617,2019-01-19,Comedy,2.1
699,Between Strangers,481,2024-06-09,Drama,7.9
700,Saturday the 14th,515,2000-10-07,Comedy|Horror,6.0
702,Detonator,The,364,2007-09-22,Action|Thriller,1.8
703,Battle for Haditha,698,2019-11-03,War,5.6
704,Robinson Crusoe on Mars,86,2008-11-27,Sci-Fi,9.1
705,Stranger in the House,26,2006-01-03,Thriller,1.6
706,Won''t Anybody Listen?,567,1997-05-06,Documentary,1.9
707,Riders of the Purple Sage,322,2009-04-08,Drama|Romance|Western,7.2
710,Strongest Man in the World,The,109,2019-06-20,Comedy|Fantasy,8.7
711,Butcher Boys,495,2009-09-22,Action|Comedy|Horror|Thriller,6.3
712,Shogun Assassin,751,2002-02-09,Action|Adventure,9.4
713,Fake It So Real,421,2005-11-19,Documentary,5.2
715,Ice Castles,94,2003-11-24,Drama,3.9
716,Hours,454,2001-01-25,Drama|Thriller,5.3
717,Suture,682,2024-02-04,Film-Noir|Thriller,3.6
718,Patriot,The,311,2002-10-01,Action|Thriller,7.0
721,Officer Down,469,2025-02-10,Crime|Drama,5.0
722,Search and Destroy,336,2011-06-25,Comedy|Drama,8.9
723,House of Yes,The,30,2017-04-25,Comedy|Drama,5.5
724,House of Exorcism,745,2004-02-23,Horror,2.5
725,Beneath the Darkness,481,2008-11-28,Thriller,6.4
726,Train,The,179,2007-03-27,Action|Thriller|War,9.6
728,Girl,Interrupted,473,2011-10-03,Drama,1.9
729,Josephine,672,2017-07-03,Comedy|Romance,1.9
730,Broken Arrow,642,1998-01-03,Action|Adventure|Thriller,7.4
731,Girl Who Talked to Dolphins,The,490,1990-08-19,Documentary,5.5
734,Kiki''s Delivery Service ,28,2021-03-21,Adventure|Animation|Children|Drama|Fantasy,3.6
736,Six Pack,487,2000-06-26,Comedy|Drama,5.3
737,Southern Yankee,A,137,2011-05-24,Comedy|War|Western,3.7
738,Extra Man,The,702,2005-05-22,Comedy,2.8
739,Bitter Moon,781,1996-10-20,Drama|Film-Noir|Romance,5.1
741,The Land Before Time VI: The Secret of Saurus Rock,707,1990-09-01,Animation|Children,6.4
743,Scrooged,273,2020-11-16,Comedy|Fantasy|Romance,6.5
744,Southbounders,85,2022-02-19,Drama,9.6
746,Little Shop of Horrors,42,1995-12-26,Comedy|Horror|Musical,1.2
747,Substitute,The,623,2015-08-22,Drama|Thriller,5.5
748,Last Wave,The,284,2006-11-09,Fantasy|Mystery|Thriller,1.4
749,Shout,The,289,2015-10-13,Drama|Horror,3.8
750,Carnosaur,55,1996-07-31,Horror|Sci-Fi,9.8
751,Stalingrad,386,1995-03-29,Drama|War,3.5
752,Greedy,702,2000-12-27,Comedy,7.7
753,French Connection,The,18,2022-06-07,Action|Crime|Thriller,6.3
755,Daffy Duck''s Quackbusters,140,2014-07-29,Animation|Children|Comedy|Horror,4.5
756,Brotherhood,195,1994-04-11,Crime|Drama|Thriller,8.4
759,King of New York,482,1996-03-07,Crime|Thriller,6.6
760,Skeleton Key,The,231,2016-02-27,Drama|Horror|Mystery|Thriller,4.7
761,Misérables,Les,500,1997-10-17,Drama|War,2.4
762,Paradise Alley,708,2021-05-16,Drama,6.1
764,Black White + Gray: A Portrait of Sam Wagstaff and Robert Mapplethorpe ,329,2017-10-13,Documentary,9.0
765,Man Called Horse,A,272,2002-02-10,Adventure|Drama|Western,9.6
766,Alien Nation,655,2022-02-03,Crime|Drama|Sci-Fi|Thriller,7.5
767,None But the Brave,232,2005-03-10,Drama|War,2.8
768,Waterland,649,2003-12-02,Drama,4.4
769,Black Scorpion,The,230,2002-08-31,Sci-Fi,2.6
770,Panda! Go Panda! Rainy Day Circus,652,2004-06-02,Animation|Children,3.1
771,Thrushes Are Still Singing,303,2001-09-13,Adventure|Crime|Drama,2.5
772,Abominable,269,2017-02-04,Horror,5.7
773,Mummy,The,285,1999-05-13,Action|Adventure|Comedy|Fantasy|Horror|Thriller,5.5
774,Yes Men Fix the World,The,261,1998-11-01,Documentary,2.2
776,Spice World,438,2012-11-14,Comedy,6.5
777,Garbage Pail Kids Movie,The,509,2001-03-30,Adventure|Children|Comedy,2.2
779,Puffy Chair,The,91,2009-10-26,Drama|Romance,9.9
780,Filly Brown,28,2011-11-04,Drama,9.3
781,Berserk: The Golden Age Arc 2 - The Battle for Doldrey,545,2020-10-27,Action|Animation|Fantasy,2.1
782,Mystery Team,248,2019-07-06,Comedy|Crime|Mystery,2.8
783,Berserk: The Golden Age Arc 3 - Descent,206,1998-01-15,Action|Animation|Fantasy,2.6
784,Gentlemen of Fortune ,89,2012-08-22,Comedy|Crime|Drama|Mystery,6.2
785,Brave New World,167,2014-03-14,Sci-Fi,5.2
786,Polytechnique,370,2005-10-09,Crime|Drama,4.6
787,Sharknado 2: The Second One,619,2007-08-12,Horror|Sci-Fi|Thriller,8.8
788,Undead,745,2004-03-29,Action|Comedy|Horror|Sci-Fi,8.0
789,South of Heaven,West of Hell,546,1995-05-21,Drama|Western,4.4
790,Dangerous Beauty,608,2004-11-03,Drama,2.3
792,Richie Rich,488,1991-07-17,Children|Comedy,3.3
793,Cruel Intentions,716,1999-10-16,Drama,5.7
794,Happy End,194,2018-04-25,Drama,3.0
795,Mrs. Soffel,113,2016-02-03,Drama|Romance,2.0
799,Gerhard Richter Painting,175,2005-09-01,Documentary,5.1
800,Blithe Spirit,63,2016-11-17,Comedy|Drama|Fantasy|Romance,3.7
